sample_id,start,end,boundary,key,lForm,lemma,form,origchar,pos,cType,cForm,wType,tType,speaker,page
50-虎寛1792_05005,10,30,B,おに,オニ,鬼,オニ,おに,名詞-普通名詞-一般,,,和,,,416
50-虎寛1792_05005,30,40,I,の,ノ,の,ノ,の,助詞-格助詞,,,和,,,416
50-虎寛1792_05005,40,70,I,ままこ,ママコ,継子,ママコ,まゝこ,名詞-普通名詞-一般,,,和,,,416
50-虎寛1792_05005,70,100,B,わらは,ワラワ,妾,ワラワ,わらは,代名詞,,,和,会話,女,416
50-虎寛1792_05005,100,110,I,は,ハ,は,ワ,ゝ,助詞-係助詞,,,和,会話,女,416
50-虎寛1792_05005,110,120,I,此,コノ,此の,コノ,此,連体詞,,,和,会話,女,416
50-虎寛1792_05005,120,140,I,当り,アタリ,辺り,アタリ,当り,名詞-普通名詞-副詞可能,,,和,会話,女,416
50-虎寛1792_05005,140,150,I,に,ニ,に,ニ,に,助詞-格助詞,,,和,会話,女,416
50-虎寛1792_05005,150,170,I,住居,スマイ,住まい,スマイ,住居,名詞-普通名詞-一般,,,和,会話,女,416
50-虎寛1792_05005,170,190,I,致す,イタス,致す,イタス,致す,動詞-非自立可能,文語四段-サ行,連体形-一般,和,会話,女,416
50-虎寛1792_05005,190,200,I,者,モノ,者,モノ,者,名詞-普通名詞-一般,,,和,会話,女,416
50-虎寛1792_05005,200,210,I,で,ナリ,なり,デ,で,助動詞,文語助動詞-ナリ-断定,連用形-融合,和,会話,女,416
50-虎寛1792_05005,210,240,I,御ざる,ゴザル,御座る,ゴザル,御ざる,動詞-非自立可能,文語四段-ラ行,終止形-一般,混,会話,女,416
50-虎寛1792_05005,240,250,I,。,,。,,。,補助記号-句点,,,記号,会話,女,416
50-虎寛1792_05005,250,260,B,山,ヤマ,山,ヤマ,山,名詞-普通名詞-一般,,,和,会話,女,416
50-虎寛1792_05005,260,270,I,一,ヒト,一,ヒト,一,名詞-数詞,,,和,会話,女,416
50-虎寛1792_05005,270,280,I,つ,ツ,つ,ツ,つ,接尾辞-名詞的-助数詞,,,和,会話,女,416
50-虎寛1792_05005,280,310,I,あなた,アナタ,彼方,アナタ,あなた,代名詞,,,和,会話,女,416
50-虎寛1792_05005,310,320,I,に,ニ,に,ニ,に,助詞-格助詞,,,和,会話,女,416
50-虎寛1792_05005,320,330,I,、,,、,,、,補助記号-読点,,,記号,会話,女,416
50-虎寛1792_05005,330,360,I,おや里,オヤザト,親里,オヤザト,おや里,名詞-普通名詞-一般,,,和,会話,女,416
50-虎寛1792_05005,360,370,I,を,ヲ,を,オ,を,助詞-格助詞,,,和,会話,女,416
50-虎寛1792_05005,370,380,I,持,モツ,持つ,モッ,持,動詞-一般,文語四段-タ行,連用形-促音便,和,会話,女,416
50-虎寛1792_05005,380,390,I,て,テ,て,テ,て,助詞-接続助詞,,,和,会話,女,416
50-虎寛1792_05005,390,420,I,御座る,ゴザル,御座る,ゴザル,御座る,動詞-非自立可能,文語四段-ラ行,連体形-一般,混,会話,女,416
50-虎寛1792_05005,420,430,I,が,ガ,が,ガ,が,助詞-接続助詞,,,和,会話,女,416
50-虎寛1792_05005,430,440,I,、,,、,,、,補助記号-読点,,,記号,会話,女,416
50-虎寛1792_05005,440,470,I,久しう,ヒサシイ,久しい,ヒサシュー,久しう,形容詞-一般,形容詞,連用形-ウ音便,和,会話,女,416
50-虎寛1792_05005,470,490,I,便り,タヨリ,便り,タヨリ,便り,名詞-普通名詞-一般,,,和,会話,女,416
50-虎寛1792_05005,490,500,I,も,モ,も,モ,も,助詞-係助詞,,,和,会話,女,416
50-虎寛1792_05005,500,520,I,承ら,ウケタマワル,承る,ウケタマワラ,承ら,動詞-一般,文語四段-ラ行,未然形-一般,和,会話,女,416
50-虎寛1792_05005,520,530,I,ぬ,ズ,ず,ヌ,ぬ,助動詞,文語助動詞-ズ,連体形-一般,和,会話,女,416
50-虎寛1792_05005,530,540,I,に,ニ,に,ニ,に,助詞-格助詞,,,和,会話,女,416
50-虎寛1792_05005,540,550,I,依,ヨル,因る,ヨッ,依,動詞-一般,文語四段-ラ行,連用形-促音便,和,会話,女,416
50-虎寛1792_05005,550,560,I,て,テ,て,テ,て,助詞-接続助詞,,,和,会話,女,416
50-虎寛1792_05005,560,570,I,、,,、,,、,補助記号-読点,,,記号,会話,女,416
50-虎寛1792_05005,570,590,I,今日,コンニチ,今日,コンニチ,今日,名詞-普通名詞-副詞可能,,,漢,会話,女,416
50-虎寛1792_05005,590,600,I,は,ハ,は,ワ,は,助詞-係助詞,,,和,会話,女,416
50-虎寛1792_05005,600,620,I,見廻,ミマウ,見舞う,ミマイ,見廻,動詞-一般,文語四段-ハ行,連用形-一般,和,会話,女,416
50-虎寛1792_05005,620,630,I,に,ニ,に,ニ,に,助詞-格助詞,,,和,会話,女,416
50-虎寛1792_05005,630,640,I,参,マイル,参る,マイラ,参,動詞-非自立可能,文語四段-ラ行,未然形-一般,和,会話,女,416
50-虎寛1792_05005,640,650,I,う,ウ,う,ウ,う,助動詞,無変化型,終止形-一般,和,会話,女,416
50-虎寛1792_05005,650,660,I,と,ト,と,ト,と,助詞-格助詞,,,和,会話,女,416
50-虎寛1792_05005,660,690,I,おもひ,オモウ,思う,オモイ,おもひ,動詞-一般,文語四段-ハ行,連用形-一般,和,会話,女,416
50-虎寛1792_05005,690,720,I,まする,マス,ます,マスル,まする,助動詞,助動詞-マス,終止形-一般,和,会話,女,416
50-虎寛1792_05005,720,730,I,。,,。,,。,補助記号-句点,,,記号,会話,女,416
50-虎寛1792_05005,730,740,B,先,マズ,先ず,マズ,先,副詞,,,和,会話,女,416
50-虎寛1792_05005,740,790,I,そろり〳〵,ソロリソロリ,そろりそろり,ソロリソロリ,そろり〳〵,副詞,,,和,会話,女,416
50-虎寛1792_05005,790,800,I,と,ト,と,ト,と,助詞-格助詞,,,和,会話,女,416
50-虎寛1792_05005,800,810,I,参,マイル,参る,マイラ,参,動詞-非自立可能,文語四段-ラ行,未然形-一般,和,会話,女,416
50-虎寛1792_05005,810,820,I,う,ウ,う,ウ,う,助動詞,無変化型,終止形-一般,和,会話,女,416
50-虎寛1792_05005,820,830,I,。,,。,,。,補助記号-句点,,,記号,会話,女,416
50-虎寛1792_05005,830,840,B,誠,マコト,真,マコト,誠,名詞-普通名詞-一般,,,和,会話,女,416
50-虎寛1792_05005,840,850,I,に,ニ,に,ニ,に,助詞-格助詞,,,和,会話,女,416
50-虎寛1792_05005,850,860,I,、,,、,,、,補助記号-読点,,,記号,会話,女,416
50-虎寛1792_05005,860,880,I,親里,オヤザト,親里,オヤザト,親里,名詞-普通名詞-一般,,,和,会話,女,416
50-虎寛1792_05005,880,890,I,が,ガ,が,ガ,が,助詞-格助詞,,,和,会話,女,416
50-虎寛1792_05005,890,900,I,程,ホド,程,ホド,程,名詞-普通名詞-副詞可能,,,和,会話,女,416
50-虎寛1792_05005,900,920,I,遠う,トオイ,遠い,トオー,遠う,形容詞-一般,形容詞,連用形-ウ音便,和,会話,女,416
50-虎寛1792_05005,920,950,I,御座る,ゴザル,御座る,ゴザル,御座る,動詞-非自立可能,文語四段-ラ行,連体形-一般,混,会話,女,416
50-虎寛1792_05005,950,960,I,に,ニ,に,ニ,に,助詞-格助詞,,,和,会話,女,416
50-虎寛1792_05005,960,970,I,依,ヨル,因る,ヨッ,依,動詞-一般,文語四段-ラ行,連用形-促音便,和,会話,女,416
50-虎寛1792_05005,970,980,I,て,テ,て,テ,て,助詞-接続助詞,,,和,会話,女,416
50-虎寛1792_05005,980,990,I,、,,、,,、,補助記号-読点,,,記号,会話,女,416
50-虎寛1792_05005,990,1000,I,𨻶,スキ,隙,スキ,𨻶,名詞-普通名詞-一般,,,和,会話,女,416
50-虎寛1792_05005,1000,1010,I,の,ノ,の,ノ,の,助詞-格助詞,,,和,会話,女,416
50-虎寛1792_05005,1010,1030,I,無い,ナイ,無い,ナイ,無い,形容詞-非自立可能,形容詞,連体形-一般,和,会話,女,416
50-虎寛1792_05005,1030,1040,I,身,ミ,身,ミ,身,名詞-普通名詞-一般,,,和,会話,女,416
50-虎寛1792_05005,1040,1050,I,の,ノ,の,ノ,の,助詞-格助詞,,,和,会話,女,416
50-虎寛1792_05005,1050,1080,I,かなし,カナシイ,悲しい,カナシ,かなし,形容詞-一般,形容詞,語幹-一般,和,会話,女,416
50-虎寛1792_05005,1080,1090,I,さ,サ,さ,サ,さ,接尾辞-名詞的-一般,,,和,会話,女,416
50-虎寛1792_05005,1090,1100,I,は,ハ,は,ワ,は,助詞-係助詞,,,和,会話,女,416
50-虎寛1792_05005,1100,1110,I,、,,、,,、,補助記号-読点,,,記号,会話,女,416
50-虎寛1792_05005,1110,1150,I,さい〳〵,サイサイ,再々,サイサイ,さい〳〵,名詞-普通名詞-副詞可能,,,漢,会話,女,416
50-虎寛1792_05005,1150,1170,I,見廻,ミマウ,見舞う,ミマイ,見廻,動詞-一般,文語四段-ハ行,連用形-一般,和,会話,女,416
50-虎寛1792_05005,1170,1180,I,に,ニ,に,ニ,に,助詞-格助詞,,,和,会話,女,416
50-虎寛1792_05005,1180,1200,I,参る,マイル,参る,マイル,参る,動詞-非自立可能,文語四段-ラ行,連体形-一般,和,会話,女,416
50-虎寛1792_05005,1200,1210,I,事,コト,事,コト,事,名詞-普通名詞-一般,,,和,会話,女,416
50-虎寛1792_05005,1210,1220,I,も,モ,も,モ,も,助詞-係助詞,,,和,会話,女,416
50-虎寛1792_05005,1220,1240,I,成ら,ナル,成る,ナラ,成ら,動詞-非自立可能,文語四段-ラ行,未然形-一般,和,会話,女,416
50-虎寛1792_05005,1240,1260,I,いで,イデ,いで,イデ,いで,助詞-接続助詞,,,和,会話,女,416
50-虎寛1792_05005,1260,1270,I,、,,、,,、,補助記号-読点,,,記号,会話,女,416
50-虎寛1792_05005,1270,1320,I,心もとなう,ココロモトナイ,心許ない,ココロモトノー,心もとなう,形容詞-一般,形容詞,連用形-ウ音便,和,会話,女,416
50-虎寛1792_05005,1320,1350,I,おもひ,オモウ,思う,オモイ,おもひ,動詞-一般,文語四段-ハ行,連用形-一般,和,会話,女,416
50-虎寛1792_05005,1350,1380,I,まする,マス,ます,マスル,まする,助動詞,助動詞-マス,連体形-一般,和,会話,女,416
50-虎寛1792_05005,1380,1390,I,が,ガ,が,ガ,が,助詞-接続助詞,,,和,会話,女,416
50-虎寛1792_05005,1390,1400,I,、,,、,,、,補助記号-読点,,,記号,会話,女,416
50-虎寛1792_05005,1400,1420,I,とと,トウ,父,トト,とゝ,名詞-普通名詞-一般,,,和,会話,女,416
50-虎寛1792_05005,1420,1430,I,様,サマ,様,サマ,様,接尾辞-名詞的-一般,,,和,会話,女,416
50-虎寛1792_05005,1430,1440,I,か,カ,か,カ,か,助詞-係助詞,,,和,会話,女,416
50-虎寛1792_05005,1440,1460,I,か様,カヨウ,斯様,カヨー,ゝ様,形状詞-一般,,,混,会話,女,416
50-虎寛1792_05005,1460,1470,I,に,ナリ,なり,ニ,に,助動詞,文語助動詞-ナリ-断定,連用形-ニ,和,会話,女,416
50-虎寛1792_05005,1470,1480,I,も,モ,も,モ,も,助詞-係助詞,,,和,会話,女,416
50-虎寛1792_05005,1480,1500,I,替ら,カワル,変わる,カワラ,替ら,動詞-一般,文語四段-ラ行,未然形-一般,和,会話,女,416
50-虎寛1792_05005,1500,1510,I,せ,セル,せる,セ,せ,助動詞,文語下二段-サ行,未然形-一般,和,会話,女,416
50-虎寛1792_05005,1510,1540,I,らるる,ラレル,られる,ラルル,らるゝ,助動詞,文語下二段-ラ行,連体形-一般,和,会話,女,416
50-虎寛1792_05005,1540,1550,I,事,コト,事,コト,事,名詞-普通名詞-一般,,,和,会話,女,416
50-虎寛1792_05005,1550,1560,I,は,ハ,は,ワ,は,助詞-係助詞,,,和,会話,女,416
50-虎寛1792_05005,1560,1580,I,ない,ナイ,無い,ナイ,ない,形容詞-非自立可能,形容詞,連体形-一般,和,会話,女,416
50-虎寛1792_05005,1580,1590,I,で,ナリ,なり,デ,で,助動詞,文語助動詞-ナリ-断定,連用形-融合,和,会話,女,416
50-虎寛1792_05005,1590,1620,I,御ざら,ゴザル,御座る,ゴザラ,御ざら,動詞-非自立可能,文語四段-ラ行,未然形-一般,混,会話,女,416
50-虎寛1792_05005,1620,1630,I,う,ウ,う,ウ,う,助動詞,無変化型,終止形-一般,和,会話,女,416
50-虎寛1792_05005,1630,1640,I,。,,。,,。,補助記号-句点,,,記号,会話,女,416
50-虎寛1792_05005,1640,1660,B,いや,イヤ,否,イヤ,イヤ,感動詞-一般,,,和,会話,女,416
50-虎寛1792_05005,1660,1670,I,、,,、,,、,補助記号-読点,,,記号,会話,女,416
50-虎寛1792_05005,1670,1690,I,何か,ナニカ,何彼,ナニカ,何か,名詞-普通名詞-一般,,,和,会話,女,416
50-虎寛1792_05005,1690,1700,I,と,ト,と,ト,と,助詞-格助詞,,,和,会話,女,416
50-虎寛1792_05005,1700,1710,I,申,モウス,申す,モース,申,動詞-非自立可能,文語四段-サ行,連体形-一般,和,会話,女,416
50-虎寛1792_05005,1710,1720,I,内,ウチ,内,ウチ,内,名詞-普通名詞-副詞可能,,,和,会話,女,416
50-虎寛1792_05005,1720,1730,I,に,ニ,に,ニ,に,助詞-格助詞,,,和,会話,女,416
50-虎寛1792_05005,1730,1740,I,是,コレ,此れ,コレ,是,代名詞,,,和,会話,女,416
50-虎寛1792_05005,1740,1750,I,は,ハ,は,ワ,は,助詞-係助詞,,,和,会話,女,416
50-虎寛1792_05005,1750,1770,I,はや,ハヤ,早,ハヤ,はや,副詞,,,和,会話,女,416
50-虎寛1792_05005,1770,1780,I,毎,ゴト,毎,ゴト,毎,接尾辞-名詞的-一般,,,和,会話,女,416
50-虎寛1792_05005,1780,1790,I,の,ノ,の,ノ,の,助詞-格助詞,,,和,会話,女,416
50-虎寛1792_05005,1790,1800,I,野,ノ,野,ノ,野,名詞-普通名詞-一般,,,和,会話,女,416
50-虎寛1792_05005,1800,1810,I,へ,ヘ,へ,エ,へ,助詞-格助詞,,,和,会話,女,416
50-虎寛1792_05005,1810,1820,I,出,デル,出る,デ,出,動詞-一般,文語下二段-ダ行,未然形-一般,和,会話,女,416
50-虎寛1792_05005,1820,1840,I,まし,マス,ます,マシ,まし,助動詞,助動詞-マス,連用形-一般,和,会話,女,416
50-虎寛1792_05005,1840,1850,I,た,タ,た,タ,た,助動詞,助動詞-タ,終止形-一般,和,会話,女,416
50-虎寛1792_05005,1850,1860,I,。,,。,,。,補助記号-句点,,,記号,会話,女,416
50-虎寛1792_05005,1860,1900,B,ここもと,ココモト,此処許,ココモト,こゝもと,代名詞,,,和,会話,女,416
50-虎寛1792_05005,1900,1910,I,は,ハ,は,ワ,は,助詞-係助詞,,,和,会話,女,416
50-虎寛1792_05005,1910,1940,I,はりま,ハリマ,ハリマ,ハリマ,はりま,名詞-固有名詞-地名-一般,,,固,会話,女,416
50-虎寛1792_05005,1940,1950,I,の,ノ,の,ノ,の,助詞-格助詞,,,和,会話,女,416
50-虎寛1792_05005,1950,1990,I,いなみ野,イナミノ,イナミノ,イナミノ,いなみ野,名詞-固有名詞-地名-一般,,,固,会話,女,416
50-虎寛1792_05005,1990,2000,I,と,ト,と,ト,と,助詞-格助詞,,,和,会話,女,416
50-虎寛1792_05005,2000,2010,I,申,モウス,申す,モーシ,申,動詞-非自立可能,文語四段-サ行,連用形-一般,和,会話,女,416
50-虎寛1792_05005,2010,2020,I,て,テ,て,テ,て,助詞-接続助詞,,,和,会話,女,416
50-虎寛1792_05005,2020,2030,I,、,,、,,、,補助記号-読点,,,記号,会話,女,416
50-虎寛1792_05005,2030,2060,I,つつと,ツト,つと,ツット,つゝと,副詞,,,和,会話,女,416
50-虎寛1792_05005,2060,2070,I,人,ヒト,人,ヒト,人,名詞-普通名詞-一般,,,和,会話,女,416
50-虎寛1792_05005,2070,2090,I,遠い,トオイ,遠い,トーイ,遠い,形容詞-一般,形容詞,連体形-一般,和,会話,女,416
50-虎寛1792_05005,2090,2140,I,おそろしい,オソロシイ,恐ろしい,オソロシー,おそろしい,形容詞-一般,形容詞,連体形-一般,和,会話,女,416
50-虎寛1792_05005,2140,2150,I,所,トコロ,所,トコロ,所,名詞-普通名詞-副詞可能,,,和,会話,女,416
50-虎寛1792_05005,2150,2160,I,で,ナリ,なり,デ,で,助動詞,文語助動詞-ナリ-断定,連用形-融合,和,会話,女,416
50-虎寛1792_05005,2160,2190,I,御ざる,ゴザル,御座る,ゴザル,御ざる,動詞-非自立可能,文語四段-ラ行,終止形-一般,混,会話,女,416
50-虎寛1792_05005,2190,2200,I,。,,。,,。,補助記号-句点,,,記号,会話,女,416
50-虎寛1792_05005,2200,2210,B,急,イソグ,急ぐ,イソイ,急,動詞-一般,文語四段-ガ行,連用形-イ音便,和,会話,女,416
50-虎寛1792_05005,2210,2220,I,で,テ,て,デ,で,助詞-接続助詞,,,和,会話,女,416
50-虎寛1792_05005,2220,2230,I,里,サト,里,サト,里,名詞-普通名詞-一般,,,和,会話,女,416
50-虎寛1792_05005,2230,2250,I,近く,チカク,近く,チカク,近く,名詞-普通名詞-副詞可能,,,和,会話,女,416
50-虎寛1792_05005,2250,2260,I,へ,ヘ,へ,エ,へ,助詞-格助詞,,,和,会話,女,416
50-虎寛1792_05005,2260,2280,I,参ら,マイル,参る,マイラ,参ら,動詞-非自立可能,文語四段-ラ行,未然形-一般,和,会話,女,416
50-虎寛1792_05005,2280,2290,I,う,ウ,う,ウ,う,助動詞,無変化型,終止形-一般,和,会話,女,416
50-虎寛1792_05005,2290,2300,I,と,ト,と,ト,と,助詞-格助詞,,,和,会話,女,416
50-虎寛1792_05005,2300,2330,I,おもひ,オモウ,思う,オモイ,おもひ,動詞-一般,文語四段-ハ行,連用形-一般,和,会話,女,416
50-虎寛1792_05005,2330,2360,I,まする,マス,ます,マスル,まする,助動詞,助動詞-マス,終止形-一般,和,会話,女,416
50-虎寛1792_05005,2360,2370,I,。,,。,,。,補助記号-句点,,,記号,会話,女,416
50-虎寛1792_05005,2370,2400,B,わらは,ワラワ,妾,ワラワ,わらは,代名詞,,,和,会話,女,416
50-虎寛1792_05005,2400,2410,I,も,モ,も,モ,も,助詞-係助詞,,,和,会話,女,416
50-虎寛1792_05005,2410,2420,I,人,ヒト,人,ヒト,人,名詞-普通名詞-一般,,,和,会話,女,416
50-虎寛1792_05005,2420,2430,I,を,ヲ,を,オ,を,助詞-格助詞,,,和,会話,女,416
50-虎寛1792_05005,2430,2450,I,つれ,ツレル,連れる,ツレ,つれ,動詞-一般,文語下二段-ラ行,連用形-一般,和,会話,女,416
50-虎寛1792_05005,2450,2460,I,て,テ,て,テ,て,助詞-接続助詞,,,和,会話,女,416
50-虎寛1792_05005,2460,2480,I,参り,マイル,参る,マイリ,参り,動詞-非自立可能,文語四段-ラ行,連用形-一般,和,会話,女,416
50-虎寛1792_05005,2480,2500,I,度う,タイ,たい,トー,度う,助動詞,文語形容詞-ク,連用形-ウ音便,和,会話,女,416
50-虎寛1792_05005,2500,2510,I,は,ハ,は,ワ,は,助詞-係助詞,,,和,会話,女,416
50-虎寛1792_05005,2510,2540,I,御ざつ,ゴザル,御座る,ゴザッ,御ざつ,動詞-非自立可能,文語四段-ラ行,連用形-促音便,混,会話,女,416
50-虎寛1792_05005,2540,2550,I,た,タ,た,タ,た,助動詞,助動詞-タ,連体形-一般,和,会話,女,416
50-虎寛1792_05005,2550,2560,I,が,ガ,が,ガ,が,助詞-接続助詞,,,和,会話,女,416
50-虎寛1792_05005,2560,2570,I,、,,、,,、,補助記号-読点,,,記号,会話,女,416
50-虎寛1792_05005,2570,2580,I,皆,ミナ,皆,ミナ,皆,名詞-普通名詞-副詞可能,,,和,会話,女,416
50-虎寛1792_05005,2580,2630,I,いそがしう,イソガシイ,忙しい,イソガシュー,いそがしう,形容詞-一般,形容詞,連用形-ウ音便,和,会話,女,416
50-虎寛1792_05005,2630,2660,I,御座る,ゴザル,御座る,ゴザル,御座る,動詞-非自立可能,文語四段-ラ行,終止形-一般,混,会話,女,416
50-虎寛1792_05005,2660,2670,I,。,,。,,。,補助記号-句点,,,記号,会話,女,416
50-虎寛1792_05005,2670,2680,B,又,マタ,又,マタ,又,接続詞,,,和,会話,女,416
50-虎寛1792_05005,2680,2690,I,𨻶,スキ,隙,スキ,𨻶,名詞-普通名詞-一般,,,和,会話,女,416
50-虎寛1792_05005,2690,2700,I,に,ニ,に,ニ,に,助詞-格助詞,,,和,会話,女,416
50-虎寛1792_05005,2700,2720,I,成る,ナル,成る,ナル,成る,動詞-非自立可能,文語四段-ラ行,連体形-一般,和,会話,女,416
50-虎寛1792_05005,2720,2730,I,を,ヲ,を,オ,を,助詞-格助詞,,,和,会話,女,416
50-虎寛1792_05005,2730,2740,I,待,マツ,待つ,マチ,待,動詞-一般,文語四段-タ行,連用形-一般,和,会話,女,416
50-虎寛1792_05005,2740,2750,I,て,テ,て,テ,て,助詞-接続助詞,,,和,会話,女,416
50-虎寛1792_05005,2750,2760,I,は,ハ,は,ワ,は,助詞-係助詞,,,和,会話,女,416
50-虎寛1792_05005,2760,2780,I,余り,アマリ,余り,アマリ,余り,副詞,,,和,会話,女,416
50-虎寛1792_05005,2780,2810,I,おそう,オソイ,遅い,オソー,おそう,形容詞-一般,形容詞,連用形-ウ音便,和,会話,女,416
50-虎寛1792_05005,2810,2830,I,成り,ナル,成る,ナリ,成り,動詞-非自立可能,文語四段-ラ行,連用形-一般,和,会話,女,416
50-虎寛1792_05005,2830,2860,I,まする,マス,ます,マスル,まする,助動詞,助動詞-マス,連体形-一般,和,会話,女,416
50-虎寛1792_05005,2860,2870,I,に,ニ,に,ニ,に,助詞-格助詞,,,和,会話,女,416
50-虎寛1792_05005,2870,2880,I,依,ヨル,因る,ヨッ,依,動詞-一般,文語四段-ラ行,連用形-促音便,和,会話,女,416
50-虎寛1792_05005,2880,2890,I,て,テ,て,テ,て,助詞-接続助詞,,,和,会話,女,416
50-虎寛1792_05005,2890,2900,I,、,,、,,、,補助記号-読点,,,記号,会話,女,416
50-虎寛1792_05005,2900,2920,I,今日,コンニチ,今日,コンニチ,今日,名詞-普通名詞-副詞可能,,,漢,会話,女,416
50-虎寛1792_05005,2920,2930,I,は,ハ,は,ワ,は,助詞-係助詞,,,和,会話,女,416
50-虎寛1792_05005,2930,2940,I,一,イチ,一,イチ,一,名詞-数詞,,,漢,会話,女,416
50-虎寛1792_05005,2940,2950,I,人,ニン,人,ニン,人,接尾辞-名詞的-一般,,,漢,会話,女,416
50-虎寛1792_05005,2950,2970,I,参る,マイル,参る,マイル,参る,動詞-非自立可能,文語四段-ラ行,連体形-一般,和,会話,女,416
50-虎寛1792_05005,2970,2980,I,事,コト,事,コト,事,名詞-普通名詞-一般,,,和,会話,女,416
50-虎寛1792_05005,2980,2990,I,で,ナリ,なり,デ,で,助動詞,文語助動詞-ナリ-断定,連用形-融合,和,会話,女,416
50-虎寛1792_05005,2990,3020,I,御座る,ゴザル,御座る,ゴザル,御座る,動詞-非自立可能,文語四段-ラ行,終止形-一般,混,会話,女,416
50-虎寛1792_05005,3020,3030,I,。,,。,,。,補助記号-句点,,,記号,会話,女,416
50-虎寛1792_05005,3030,3040,B,出,イデル,出でる,イデ,出,動詞-一般,文語下二段-ダ行,連用形-一般,和,会話,シテ,416
50-虎寛1792_05005,3040,3060,I,喰は,クウ,食う,クワ,喰は,動詞-一般,文語四段-ハ行,未然形-一般,和,会話,シテ,416
50-虎寛1792_05005,3060,3070,I,う,ウ,う,ウ,う,助動詞,無変化型,終止形-一般,和,会話,シテ,416
50-虎寛1792_05005,3070,3090,I,〳〵,,〳〵,,〳〵,補助記号-一般,,,記号,会話,シテ,416
50-虎寛1792_05005,3090,3110,I,〳〵,,〳〵,,〳〵,補助記号-一般,,,記号,会話,シテ,416
50-虎寛1792_05005,3110,3120,I,。,,。,,。,補助記号-句点,,,記号,会話,シテ,416
50-虎寛1792_05005,3120,3140,B,ああ,アア,ああ,アー,アヽ,感動詞-一般,,,和,会話,女,416
50-虎寛1792_05005,3140,3170,I,かなし,カナシイ,悲しい,カナシ,かなし,形容詞-一般,形容詞,語幹-一般,和,会話,女,416
50-虎寛1792_05005,3170,3180,I,や,ヤ,や,ヤ,や,助詞-終助詞,,,和,会話,女,416
50-虎寛1792_05005,3180,3200,I,〳〵,,〳〵,,〳〵,補助記号-一般,,,記号,会話,女,416
50-虎寛1792_05005,3200,3210,I,。,,。,,。,補助記号-句点,,,記号,会話,女,416
50-虎寛1792_05005,3210,3250,B,まつぴら,マッピラ,真っ平,マッピラ,まつぴら,副詞,,,和,会話,女,416
50-虎寛1792_05005,3250,3260,I,命,イノチ,命,イノチ,命,名詞-普通名詞-一般,,,和,会話,女,416
50-虎寛1792_05005,3260,3270,I,を,ヲ,を,オ,を,助詞-格助詞,,,和,会話,女,416
50-虎寛1792_05005,3270,3280,I,助,タスケル,助ける,タスケ,助,動詞-一般,文語下二段-カ行,連用形-一般,和,会話,女,416
50-虎寛1792_05005,3280,3290,I,て,テ,て,テ,て,助詞-接続助詞,,,和,会話,女,416
50-虎寛1792_05005,3290,3320,I,被下い,クダサレル,下される,クダサレイ,被下い,動詞-非自立可能,下一段-ラ行,命令形,和,会話,女,416
50-虎寛1792_05005,3320,3330,I,。,,。,,。,補助記号-句点,,,記号,会話,女,416
50-虎寛1792_05005,3330,3350,B,一遍,イッペン,一遍,イッペン,一遍,名詞-普通名詞-副詞可能,,,漢,割書き,,416
50-虎寛1792_05005,3350,3360,I,逐,オウ,追う,オイ,逐,動詞-一般,文語四段-ハ行,連用形-一般,和,割書き,,416
50-虎寛1792_05005,3360,3380,I,廻り,マワル,回る,マワリ,廻り,動詞-非自立可能,文語四段-ラ行,連用形-一般,和,割書き,,416
50-虎寛1792_05005,3380,3390,I,て,テ,て,テ,て,助詞-接続助詞,,,和,割書き,,416
50-虎寛1792_05005,3390,3400,I,、,,、,,、,補助記号-読点,,,記号,割書き,,416
50-虎寛1792_05005,3400,3420,B,いで,イデ,いで,イデ,いで,感動詞-一般,,,和,会話,シテ,416
50-虎寛1792_05005,3420,3440,I,喰は,クウ,食う,クワ,喰は,動詞-一般,文語四段-ハ行,未然形-一般,和,会話,シテ,416
50-虎寛1792_05005,3440,3450,I,う,ウ,う,ウ,う,助動詞,無変化型,終止形-一般,和,会話,シテ,416
50-虎寛1792_05005,3450,3460,I,、,,、,,、,補助記号-読点,,,記号,会話,シテ,416
50-虎寛1792_05005,3460,3480,I,ああ,アア,ああ,アー,あゝ,感動詞-一般,,,和,会話,シテ,416
50-虎寛1792_05005,3480,3490,I,。,,。,,。,補助記号-句点,,,記号,会話,シテ,416
50-虎寛1792_05005,3490,3510,B,真平,マッピラ,真っ平,マッピラ,真平,副詞,,,和,会話,女,416
50-虎寛1792_05005,3510,3520,I,命,イノチ,命,イノチ,命,名詞-普通名詞-一般,,,和,会話,女,416
50-虎寛1792_05005,3520,3530,I,を,ヲ,を,オ,を,助詞-格助詞,,,和,会話,女,416
50-虎寛1792_05005,3530,3540,I,御,オ,御,オ,御,接頭辞,,,和,会話,女,416
50-虎寛1792_05005,3540,3550,I,助,タスカル,助かる,タスカリ,助,動詞-一般,文語四段-ラ行,連用形-一般,和,会話,女,416
50-虎寛1792_05005,3550,3570,I,被成,ナサレル,為される,ナサレ,被成,動詞-非自立可能,文語下二段-ラ行,連用形-一般,和,会話,女,416
50-虎寛1792_05005,3570,3580,I,て,テ,て,テ,て,助詞-接続助詞,,,和,会話,女,416
50-虎寛1792_05005,3580,3610,I,被下い,クダサレル,下される,クダサレイ,被下い,動詞-非自立可能,下一段-ラ行,命令形,和,会話,女,416
50-虎寛1792_05005,3610,3620,I,。,,。,,。,補助記号-句点,,,記号,会話,女,416
50-虎寛1792_05005,3620,3660,B,やい〳〵,ヤイヤイ,やいやい,ヤイヤイ,ヤイ〳〵,副詞,,,和,会話,シテ,416
50-虎寛1792_05005,3660,3680,I,〳〵,,〳〵,,〳〵,補助記号-一般,,,記号,会話,シテ,417
50-虎寛1792_05005,3680,3700,I,そこ,ソコ,其処,ソコ,そこ,代名詞,,,和,会話,シテ,417
50-虎寛1792_05005,3700,3710,I,な,ナリ,なり,ナ,な,助動詞,文語助動詞-ナリ-断定,連体形-一般,和,会話,シテ,417
50-虎寛1792_05005,3710,3730,I,やつ,ヤツ,奴,ヤツ,やつ,名詞-普通名詞-一般,,,和,会話,シテ,417
50-虎寛1792_05005,3730,3740,I,。,,。,,。,補助記号-句点,,,記号,会話,シテ,417
50-虎寛1792_05005,3740,3760,B,はあ,ハア,はあ,ハー,ハア,感動詞-一般,,,和,会話,女,417
50-虎寛1792_05005,3760,3770,I,。,,。,,。,補助記号-句点,,,記号,会話,女,417
50-虎寛1792_05005,3770,3800,B,おのれ,オノレ,己,オノレ,おのれ,代名詞,,,和,会話,シテ,417
50-虎寛1792_05005,3800,3810,I,は,ハ,は,ワ,は,助詞-係助詞,,,和,会話,シテ,417
50-虎寛1792_05005,3810,3830,I,憎い,ニクイ,憎い,ニクイ,憎い,形容詞-一般,形容詞,連体形-一般,和,会話,シテ,417
50-虎寛1792_05005,3830,3850,I,やつ,ヤツ,奴,ヤツ,やつ,名詞-普通名詞-一般,,,和,会話,シテ,417
50-虎寛1792_05005,3850,3860,I,の,ノ,の,ノ,の,助詞-終助詞,,,和,会話,シテ,417
50-虎寛1792_05005,3860,3870,I,。,,。,,。,補助記号-句点,,,記号,会話,シテ,417
50-虎寛1792_05005,3870,3880,B,爰,ココ,此処,ココ,爰,代名詞,,,和,会話,シテ,417
50-虎寛1792_05005,3880,3890,I,は,ハ,は,ワ,は,助詞-係助詞,,,和,会話,シテ,417
50-虎寛1792_05005,3890,3910,I,印南,イナミ,イナミ,イナミ,印南,名詞-固有名詞-人名-姓,,,固,会話,シテ,417
50-虎寛1792_05005,3910,3920,I,備,ソナエ,ソナエ,ソナエ,備,名詞-固有名詞-人名-名,,,固,会話,シテ,417
50-虎寛1792_05005,3920,3930,I,野,ノ,野,ノ,野,名詞-普通名詞-一般,,,和,会話,シテ,417
50-虎寛1792_05005,3930,3940,I,と,ト,と,ト,と,助詞-格助詞,,,和,会話,シテ,417
50-虎寛1792_05005,3940,3960,I,いふ,イウ,言う,イウ,いふ,動詞-一般,文語四段-ハ行,連用形-ウ音便,和,会話,シテ,417
50-虎寛1792_05005,3960,3970,I,て,テ,て,テ,て,助詞-接続助詞,,,和,会話,シテ,417
50-虎寛1792_05005,3970,3980,I,、,,、,,、,補助記号-読点,,,記号,会話,シテ,417
50-虎寛1792_05005,3980,3990,I,七,ナナ,七,ナナ,七,名詞-数詞,,,和,会話,シテ,417
50-虎寛1792_05005,3990,4000,I,つ,ツ,つ,ツ,つ,接尾辞-名詞的-助数詞,,,和,会話,シテ,417
50-虎寛1792_05005,4000,4020,I,下つ,クダル,下る,クダッ,下つ,動詞-一般,文語四段-ラ行,連用形-促音便,和,会話,シテ,417
50-虎寛1792_05005,4020,4030,I,て,テ,て,テ,て,助詞-接続助詞,,,和,会話,シテ,417
50-虎寛1792_05005,4030,4040,I,は,ハ,は,ワ,は,助詞-係助詞,,,和,会話,シテ,417
50-虎寛1792_05005,4040,4050,I,男,オトコ,男,オトコ,男,名詞-普通名詞-一般,,,和,会話,シテ,417
50-虎寛1792_05005,4050,4070,I,さへ,サエ,さえ,サエ,さへ,助詞-副助詞,,,和,会話,シテ,417
50-虎寛1792_05005,4070,4090,I,通ら,トオル,通る,トーラ,通ら,動詞-一般,文語四段-ラ行,未然形-一般,和,会話,シテ,417
50-虎寛1792_05005,4090,4100,I,ぬ,ズ,ず,ヌ,ぬ,助動詞,文語助動詞-ズ,連体形-一般,和,会話,シテ,417
50-虎寛1792_05005,4100,4110,I,所,トコロ,所,トコロ,所,名詞-普通名詞-副詞可能,,,和,会話,シテ,417
50-虎寛1792_05005,4110,4120,I,を,ヲ,を,オ,を,助詞-格助詞,,,和,会話,シテ,417
50-虎寛1792_05005,4120,4130,I,、,,、,,、,補助記号-読点,,,記号,会話,シテ,417
50-虎寛1792_05005,4130,4150,I,殊に,コトニ,殊に,コトニ,殊に,副詞,,,和,会話,シテ,417
50-虎寛1792_05005,4150,4160,I,女,オンナ,女,オンナ,女,名詞-普通名詞-一般,,,和,会話,シテ,417
50-虎寛1792_05005,4160,4170,I,の,ノ,の,ノ,の,助詞-格助詞,,,和,会話,シテ,417
50-虎寛1792_05005,4170,4180,I,身,ミ,身,ミ,身,名詞-普通名詞-一般,,,和,会話,シテ,417
50-虎寛1792_05005,4180,4190,I,と,ト,と,ト,と,助詞-格助詞,,,和,会話,シテ,417
50-虎寛1792_05005,4190,4200,I,し,スル,為る,シ,し,動詞-非自立可能,文語サ行変格,連用形-一般,和,会話,シテ,417
50-虎寛1792_05005,4200,4210,I,て,テ,て,テ,て,助詞-接続助詞,,,和,会話,シテ,417
50-虎寛1792_05005,4210,4220,I,一,イチ,一,イチ,一,名詞-数詞,,,漢,会話,シテ,417
50-虎寛1792_05005,4220,4230,I,人,ニン,人,ニン,人,接尾辞-名詞的-一般,,,漢,会話,シテ,417
50-虎寛1792_05005,4230,4250,I,通る,トオル,通る,トール,通る,動詞-一般,文語四段-ラ行,終止形-一般,和,会話,シテ,417
50-虎寛1792_05005,4250,4260,I,と,ト,と,ト,と,助詞-格助詞,,,和,会話,シテ,417
50-虎寛1792_05005,4260,4280,I,いふ,イウ,言う,イウ,いふ,動詞-一般,文語四段-ハ行,連体形-一般,和,会話,シテ,417
50-虎寛1792_05005,4280,4290,I,は,ハ,は,ワ,は,助詞-係助詞,,,和,会話,シテ,417
50-虎寛1792_05005,4290,4300,I,、,,、,,、,補助記号-読点,,,記号,会話,シテ,417
50-虎寛1792_05005,4300,4320,I,定て,サダメテ,定めて,サダメテ,定,副詞,,,和,会話,シテ,417
50-虎寛1792_05005,4320,4340,I,武辺,ブヘン,武辺,ブヘン,武辺,名詞-普通名詞-一般,,,漢,会話,シテ,417
50-虎寛1792_05005,4340,4350,I,立,リツ,立,リツ,立,接尾辞-名詞的-一般,,,漢,会話,シテ,417
50-虎寛1792_05005,4350,4360,I,で,ナリ,なり,デ,で,助動詞,文語助動詞-ナリ-断定,連用形-融合,和,会話,シテ,417
50-虎寛1792_05005,4360,4370,I,有,アル,有る,アラ,有,動詞-非自立可能,文語ラ行変格,未然形-一般,和,会話,シテ,417
50-虎寛1792_05005,4370,4380,I,う,ウ,う,ウ,う,助動詞,無変化型,終止形-一般,和,会話,シテ,417
50-虎寛1792_05005,4380,4390,I,。,,。,,。,補助記号-句点,,,記号,会話,シテ,417
50-虎寛1792_05005,4390,4420,B,あたま,アタマ,頭,アタマ,あたま,名詞-普通名詞-一般,,,和,会話,シテ,417
50-虎寛1792_05005,4420,4440,I,から,カラ,から,カラ,から,助詞-格助詞,,,和,会話,シテ,417
50-虎寛1792_05005,4440,4460,I,一口,ヒトクチ,一口,ヒトクチ,一口,名詞-普通名詞-一般,,,和,会話,シテ,417
50-虎寛1792_05005,4460,4470,I,に,ニ,に,ニ,に,助詞-格助詞,,,和,会話,シテ,417
50-虎寛1792_05005,4470,4480,I,出,イデル,出でる,イデ,出,動詞-一般,文語下二段-ダ行,連用形-一般,和,会話,シテ,417
50-虎寛1792_05005,4480,4510,I,くらは,クラウ,食らう,クラワ,くらは,動詞-一般,文語四段-ハ行,未然形-一般,和,会話,シテ,417
50-虎寛1792_05005,4510,4520,I,う,ウ,う,ウ,う,助動詞,無変化型,終止形-一般,和,会話,シテ,417
50-虎寛1792_05005,4520,4530,I,、,,、,,、,補助記号-読点,,,記号,会話,シテ,417
50-虎寛1792_05005,4530,4550,I,ああ,アア,ああ,アー,あゝ,感動詞-一般,,,和,会話,シテ,417
50-虎寛1792_05005,4550,4560,I,。,,。,,。,補助記号-句点,,,記号,会話,シテ,417
50-虎寛1792_05005,4560,4580,B,ああ,アア,ああ,アー,アヽ,感動詞-一般,,,和,会話,女,417
50-虎寛1792_05005,4580,4590,I,、,,、,,、,補助記号-読点,,,記号,会話,女,417
50-虎寛1792_05005,4590,4620,I,かまへ,カマエル,構える,カマエ,かまへ,動詞-一般,文語下二段-ハ行,連用形-一般,和,会話,女,417
50-虎寛1792_05005,4620,4630,I,て,テ,て,テ,て,助詞-接続助詞,,,和,会話,女,417
50-虎寛1792_05005,4630,4650,I,武辺,ブヘン,武辺,ブヘン,武辺,名詞-普通名詞-一般,,,漢,会話,女,417
50-虎寛1792_05005,4650,4660,I,立,リツ,立,リツ,立,接尾辞-名詞的-一般,,,漢,会話,女,417
50-虎寛1792_05005,4660,4670,I,で,ナリ,なり,デ,で,助動詞,文語助動詞-ナリ-断定,連用形-融合,和,会話,女,417
50-虎寛1792_05005,4670,4680,I,は,ハ,は,ワ,は,助詞-係助詞,,,和,会話,女,417
50-虎寛1792_05005,4680,4710,I,御座ら,ゴザル,御座る,ゴザラ,御座ら,動詞-非自立可能,文語四段-ラ行,未然形-一般,混,会話,女,417
50-虎寛1792_05005,4710,4720,I,ぬ,ズ,ず,ヌ,ぬ,助動詞,文語助動詞-ズ,連体形-一般,和,会話,女,417
50-虎寛1792_05005,4720,4730,I,。,,。,,。,補助記号-句点,,,記号,会話,女,417
50-虎寛1792_05005,4730,4760,B,真ぴら,マッピラ,真っ平,マッピラ,真ぴら,副詞,,,和,会話,女,417
50-虎寛1792_05005,4760,4770,I,命,イノチ,命,イノチ,命,名詞-普通名詞-一般,,,和,会話,女,417
50-虎寛1792_05005,4770,4780,I,を,ヲ,を,オ,を,助詞-格助詞,,,和,会話,女,417
50-虎寛1792_05005,4780,4790,I,助,タスケル,助ける,タスケ,助,動詞-一般,文語下二段-カ行,連用形-一般,和,会話,女,417
50-虎寛1792_05005,4790,4800,I,て,テ,て,テ,て,助詞-接続助詞,,,和,会話,女,417
50-虎寛1792_05005,4800,4830,I,被下い,クダサレル,下される,クダサレイ,被下い,動詞-非自立可能,下一段-ラ行,命令形,和,会話,女,417
50-虎寛1792_05005,4830,4840,I,。,,。,,。,補助記号-句点,,,記号,会話,女,417
50-虎寛1792_05005,4840,4860,B,むむ,ムム,むむ,ムム,ムヽ,感動詞-一般,,,和,会話,シテ,417
50-虎寛1792_05005,4860,4870,I,、,,、,,、,補助記号-読点,,,記号,会話,シテ,417
50-虎寛1792_05005,4870,4890,I,見れ,ミル,見る,ミレ,見れ,動詞-非自立可能,文語上一段-マ行,已然形-一般,和,会話,シテ,417
50-虎寛1792_05005,4890,4900,I,ば,バ,ば,バ,ば,助詞-接続助詞,,,和,会話,シテ,417
50-虎寛1792_05005,4900,4910,I,何,ナニ,何,ナニ,何,代名詞,,,和,会話,シテ,417
50-虎寛1792_05005,4910,4930,I,やら,ヤラ,やら,ヤラ,やら,助詞-副助詞,,,和,会話,シテ,417
50-虎寛1792_05005,4930,4940,I,懐,フトコロ,懐,フトコロ,懐,名詞-普通名詞-一般,,,和,会話,シテ,417
50-虎寛1792_05005,4940,4950,I,へ,ヘ,へ,エ,へ,助詞-格助詞,,,和,会話,シテ,417
50-虎寛1792_05005,4950,4960,I,入,イル,入る,イリ,入,動詞-一般,文語四段-ラ行,連用形-一般,和,会話,シテ,417
50-虎寛1792_05005,4960,4970,I,て,テ,て,テ,て,助詞-接続助詞,,,和,会話,シテ,417
50-虎寛1792_05005,4970,4990,I,居る,イル,居る,イル,居る,動詞-非自立可能,文語上一段-ワ行,連体形-一般,和,会話,シテ,417
50-虎寛1792_05005,4990,5000,I,が,ガ,が,ガ,が,助詞-接続助詞,,,和,会話,シテ,417
50-虎寛1792_05005,5000,5010,I,、,,、,,、,補助記号-読点,,,記号,会話,シテ,417
50-虎寛1792_05005,5010,5020,I,夫,ソレ,其れ,ソレ,夫,代名詞,,,和,会話,シテ,417
50-虎寛1792_05005,5020,5030,I,は,ハ,は,ワ,は,助詞-係助詞,,,和,会話,シテ,417
50-虎寛1792_05005,5030,5040,I,何,ナニ,何,ナン,何,代名詞,,,和,会話,シテ,417
50-虎寛1792_05005,5040,5060,I,じや,ジャ,じゃ,ジャ,じや,助動詞,助動詞-ジャ,終止形-一般,和,会話,シテ,417
50-虎寛1792_05005,5060,5070,I,。,,。,,。,補助記号-句点,,,記号,会話,シテ,417
50-虎寛1792_05005,5070,5080,B,是,コレ,此れ,コレ,是,代名詞,,,和,会話,女,417
50-虎寛1792_05005,5080,5090,I,は,ハ,は,ワ,は,助詞-係助詞,,,和,会話,女,417
50-虎寛1792_05005,5090,5120,I,わらは,ワラワ,妾,ワラワ,わらは,代名詞,,,和,会話,女,417
50-虎寛1792_05005,5120,5130,I,が,ガ,が,ガ,が,助詞-格助詞,,,和,会話,女,417
50-虎寛1792_05005,5130,5150,I,稚い,オサナイ,幼,オサナイ,稚い,名詞-普通名詞-一般,,,和,会話,女,417
50-虎寛1792_05005,5150,5160,I,で,ナリ,なり,デ,で,助動詞,文語助動詞-ナリ-断定,連用形-融合,和,会話,女,417
50-虎寛1792_05005,5160,5190,I,御座る,ゴザル,御座る,ゴザル,御座る,動詞-非自立可能,文語四段-ラ行,終止形-一般,混,会話,女,417
50-虎寛1792_05005,5190,5200,I,。,,。,,。,補助記号-句点,,,記号,会話,女,417
50-虎寛1792_05005,5200,5210,B,何,ナニ,何,ナン,何,代名詞,,,和,会話,シテ,417
50-虎寛1792_05005,5210,5230,I,じや,ジャ,じゃ,ジャ,じや,助動詞,助動詞-ジャ,終止形-一般,和,会話,シテ,417
50-虎寛1792_05005,5230,5240,I,、,,、,,、,補助記号-読点,,,記号,会話,シテ,417
50-虎寛1792_05005,5240,5260,I,そち,ソチ,其方,ソチ,そち,代名詞,,,和,会話,シテ,417
50-虎寛1792_05005,5260,5270,I,が,ガ,が,ガ,が,助詞-格助詞,,,和,会話,シテ,417
50-虎寛1792_05005,5270,5280,I,子,コ,子,コ,子,名詞-普通名詞-一般,,,和,会話,シテ,417
50-虎寛1792_05005,5280,5300,I,じや,ジャ,じゃ,ジャ,じや,助動詞,助動詞-ジャ,終止形-一般,和,会話,シテ,417
50-虎寛1792_05005,5300,5310,I,。,,。,,。,補助記号-句点,,,記号,会話,シテ,417
50-虎寛1792_05005,5310,5340,B,中〳〵,ナカナカ,中々,ナカナカ,中〳〵,副詞,,,和,会話,女,417
50-虎寛1792_05005,5340,5350,I,。,,。,,。,補助記号-句点,,,記号,会話,女,417
50-虎寛1792_05005,5350,5360,B,夫,ソレ,其れ,ソレ,夫,代名詞,,,和,会話,シテ,417
50-虎寛1792_05005,5360,5380,I,成ら,ナリ,なり,ナラ,成ら,助動詞,文語助動詞-ナリ-断定,未然形-一般,和,会話,シテ,417
50-虎寛1792_05005,5380,5390,I,ば,バ,ば,バ,ば,助詞-接続助詞,,,和,会話,シテ,417
50-虎寛1792_05005,5390,5400,I,先,マズ,先ず,マズ,先,副詞,,,和,会話,シテ,417
50-虎寛1792_05005,5400,5410,I,其,ソノ,其の,ソノ,其,連体詞,,,和,会話,シテ,417
50-虎寛1792_05005,5410,5420,I,子,コ,子,コ,子,名詞-普通名詞-一般,,,和,会話,シテ,417
50-虎寛1792_05005,5420,5440,I,から,カラ,から,カラ,から,助詞-格助詞,,,和,会話,シテ,417
50-虎寛1792_05005,5440,5460,I,喰ふ,クウ,食う,クー,喰ふ,動詞-一般,文語四段-ハ行,連用形-ウ音便,和,会話,シテ,417
50-虎寛1792_05005,5460,5470,I,て,テ,て,テ,て,助詞-接続助詞,,,和,会話,シテ,417
50-虎寛1792_05005,5470,5490,I,仕廻,シマウ,仕舞う,シマワ,仕廻,動詞-非自立可能,文語四段-ハ行,未然形-一般,和,会話,シテ,417
50-虎寛1792_05005,5490,5500,I,ふ,ウ,う,ウ,ふ,助動詞,無変化型,終止形-一般,和,会話,シテ,417
50-虎寛1792_05005,5500,5510,I,。,,。,,。,補助記号-句点,,,記号,会話,シテ,417
50-虎寛1792_05005,5510,5540,B,わらは,ワラワ,妾,ワラワ,わらは,代名詞,,,和,会話,女,417
50-虎寛1792_05005,5540,5550,I,は,ハ,は,ワ,ゝ,助詞-係助詞,,,和,会話,女,417
50-虎寛1792_05005,5550,5560,I,喰,クウ,食う,クワ,喰,動詞-一般,文語四段-ハ行,未然形-一般,和,会話,女,417
50-虎寛1792_05005,5560,5580,I,るる,レル,れる,ルル,るゝ,助動詞,文語下二段-ラ行,連体形-一般,和,会話,女,417
50-虎寛1792_05005,5580,5590,I,共,トモ,とも,トモ,共,助詞-接続助詞,,,和,会話,女,417
50-虎寛1792_05005,5590,5600,I,、,,、,,、,補助記号-読点,,,記号,会話,女,417
50-虎寛1792_05005,5600,5610,I,此,コノ,此の,コノ,此,連体詞,,,和,会話,女,417
50-虎寛1792_05005,5610,5620,I,子,コ,子,コ,子,名詞-普通名詞-一般,,,和,会話,女,417
50-虎寛1792_05005,5620,5640,I,をば,ヲバ,をば,オバ,をば,助詞-格助詞,,,和,会話,女,417
50-虎寛1792_05005,5640,5650,I,助,タスケル,助ける,タスケ,助,動詞-一般,文語下二段-カ行,連用形-一般,和,会話,女,417
50-虎寛1792_05005,5650,5660,I,て,テ,て,テ,て,助詞-接続助詞,,,和,会話,女,417
50-虎寛1792_05005,5660,5690,I,被下い,クダサレル,下される,クダサレイ,被下い,動詞-非自立可能,下一段-ラ行,命令形,和,会話,女,417
50-虎寛1792_05005,5690,5700,I,。,,。,,。,補助記号-句点,,,記号,会話,女,417
50-虎寛1792_05005,5700,5710,B,何,ナニ,何,ナン,何,代名詞,,,和,会話,シテ,417
50-虎寛1792_05005,5710,5730,I,じや,ジャ,じゃ,ジャ,じや,助動詞,助動詞-ジャ,終止形-一般,和,会話,シテ,417
50-虎寛1792_05005,5730,5740,I,、,,、,,、,補助記号-読点,,,記号,会話,シテ,417
50-虎寛1792_05005,5740,5750,I,助,タスケル,助ける,タスケ,助,動詞-一般,文語下二段-カ行,連用形-一般,和,会話,シテ,417
50-虎寛1792_05005,5750,5760,I,て,テ,て,テ,て,助詞-接続助詞,,,和,会話,シテ,417
50-虎寛1792_05005,5760,5780,I,呉い,クレル,呉れる,クレイ,呉い,動詞-非自立可能,下一段-ラ行,命令形,和,会話,シテ,417
50-虎寛1792_05005,5780,5790,I,。,,。,,。,補助記号-句点,,,記号,会話,シテ,417
50-虎寛1792_05005,5790,5820,B,中〳〵,ナカナカ,中々,ナカナカ,中〳〵,副詞,,,和,会話,女,417
50-虎寛1792_05005,5820,5830,I,。,,。,,。,補助記号-句点,,,記号,会話,女,417
50-虎寛1792_05005,5830,5840,B,先,マズ,先ず,マズ,先,副詞,,,和,会話,シテ,417
50-虎寛1792_05005,5840,5850,I,夫,ソレ,其れ,ソレ,夫,代名詞,,,和,会話,シテ,417
50-虎寛1792_05005,5850,5860,I,に,ニ,に,ニ,に,助詞-格助詞,,,和,会話,シテ,417
50-虎寛1792_05005,5860,5880,I,待て,マツ,待つ,マテ,待て,動詞-一般,文語四段-タ行,命令形,和,会話,シテ,417
50-虎寛1792_05005,5880,5890,I,。,,。,,。,補助記号-句点,,,記号,会話,シテ,417
50-虎寛1792_05005,5890,5910,B,心へ,ココロエル,心得る,ココロエ,心へ,動詞-一般,文語下二段-ア行,連用形-一般,和,会話,女,417
50-虎寛1792_05005,5910,5930,I,まし,マス,ます,マシ,まし,助動詞,助動詞-マス,連用形-一般,和,会話,女,417
50-虎寛1792_05005,5930,5940,I,た,タ,た,タ,た,助動詞,助動詞-タ,終止形-一般,和,会話,女,417
50-虎寛1792_05005,5940,5950,I,。,,。,,。,補助記号-句点,,,記号,会話,女,417
50-虎寛1792_05005,5950,5960,B,扠,サテ,扠,サテ,扠,接続詞,,,和,会話,シテ,417
50-虎寛1792_05005,5960,5970,I,も,モ,も,モ,も,助詞-係助詞,,,和,会話,シテ,417
50-虎寛1792_05005,5970,5990,I,〳〵,,〳〵,,〳〵,補助記号-一般,,,記号,会話,シテ,417
50-虎寛1792_05005,5990,6020,I,美しい,ウツクシイ,美しい,ウツクシー,美しい,形容詞-一般,形容詞,連体形-一般,和,会話,シテ,417
50-虎寛1792_05005,6020,6030,I,女,オンナ,女,オンナ,女,名詞-普通名詞-一般,,,和,会話,シテ,417
50-虎寛1792_05005,6030,6050,I,かな,カナ,哉,カナ,かな,助詞-終助詞,,,和,会話,シテ,417
50-虎寛1792_05005,6050,6060,I,。,,。,,。,補助記号-句点,,,記号,会話,シテ,417
50-虎寛1792_05005,6060,6080,B,あの,アノ,彼の,アノ,あの,連体詞,,,和,会話,シテ,417
50-虎寛1792_05005,6080,6090,I,様,ヨウ,様,ヨー,様,形状詞-助動詞語幹,,,漢,会話,シテ,417
50-虎寛1792_05005,6090,6100,I,な,ナリ,なり,ナ,な,助動詞,文語助動詞-ナリ-断定,連体形-一般,和,会話,シテ,417
50-虎寛1792_05005,6100,6120,I,みめ,ミメ,見目,ミメ,みめ,名詞-普通名詞-一般,,,和,会話,シテ,417
50-虎寛1792_05005,6120,6130,I,の,ノ,の,ノ,の,助詞-格助詞,,,和,会話,シテ,417
50-虎寛1792_05005,6130,6150,I,よい,ヨイ,良い,ヨイ,よい,形容詞-非自立可能,形容詞,連体形-一般,和,会話,シテ,417
50-虎寛1792_05005,6150,6160,I,女,オンナ,女,オンナ,女,名詞-普通名詞-一般,,,和,会話,シテ,417
50-虎寛1792_05005,6160,6170,I,を,ヲ,を,オ,を,助詞-格助詞,,,和,会話,シテ,417
50-虎寛1792_05005,6170,6190,I,喰ふ,クウ,食う,クー,喰ふ,動詞-一般,文語四段-ハ行,連用形-ウ音便,和,会話,シテ,417
50-虎寛1792_05005,6190,6200,I,て,テ,て,テ,て,助詞-接続助詞,,,和,会話,シテ,417
50-虎寛1792_05005,6200,6230,I,仕廻ふ,シマウ,仕舞う,シマウ,仕廻ふ,動詞-非自立可能,文語四段-ハ行,連体形-一般,和,会話,シテ,417
50-虎寛1792_05005,6230,6240,I,は,ハ,は,ワ,は,助詞-係助詞,,,和,会話,シテ,417
50-虎寛1792_05005,6240,6270,I,をしい,オシイ,惜しい,オシー,をしい,形容詞-一般,形容詞,連体形-一般,和,会話,シテ,417
50-虎寛1792_05005,6270,6280,I,事,コト,事,コト,事,名詞-普通名詞-一般,,,和,会話,シテ,417
50-虎寛1792_05005,6280,6300,I,じや,ジャ,じゃ,ジャ,じや,助動詞,助動詞-ジャ,終止形-一般,和,会話,シテ,417
50-虎寛1792_05005,6300,6310,I,。,,。,,。,補助記号-句点,,,記号,会話,シテ,417
50-虎寛1792_05005,6310,6340,B,何とぞ,ナニトゾ,何とぞ,ナニトゾ,何とぞ,副詞,,,和,会話,シテ,417
50-虎寛1792_05005,6340,6350,I,誑,タラス,誑す,タラシ,誑,動詞-一般,文語四段-サ行,連用形-一般,和,会話,シテ,417
50-虎寛1792_05005,6350,6360,I,ら,ラ,等,ラ,ら,接尾辞-名詞的-一般,,,和,会話,シテ,417
50-虎寛1792_05005,6360,6370,I,い,イク,行く,イ,い,動詞-非自立可能,文語四段-カ行,連用形-省略,和,会話,シテ,417
50-虎寛1792_05005,6370,6380,I,て,テ,て,テ,て,助詞-接続助詞,,,和,会話,シテ,417
50-虎寛1792_05005,6380,6390,I,某,ソレガシ,某,ソレガシ,某,代名詞,,,和,会話,シテ,417
50-虎寛1792_05005,6390,6400,I,が,ガ,が,ガ,が,助詞-格助詞,,,和,会話,シテ,417
50-虎寛1792_05005,6400,6410,I,妻,ツマ,妻,ツマ,妻,名詞-普通名詞-一般,,,和,会話,シテ,417
50-虎寛1792_05005,6410,6420,I,に,ニ,に,ニ,に,助詞-格助詞,,,和,会話,シテ,417
50-虎寛1792_05005,6420,6430,I,致,イタス,致す,イタサ,致,動詞-非自立可能,文語四段-サ行,未然形-一般,和,会話,シテ,417
50-虎寛1792_05005,6430,6440,I,う,ウ,う,ウ,う,助動詞,無変化型,終止形-一般,和,会話,シテ,417
50-虎寛1792_05005,6440,6450,I,と,ト,と,ト,と,助詞-格助詞,,,和,会話,シテ,417
50-虎寛1792_05005,6450,6470,I,存る,ゾンズル,存ずる,ゾンズル,存る,動詞-一般,文語サ行変格,連体形-一般,混,会話,シテ,417
50-虎寛1792_05005,6470,6480,I,。,,。,,。,補助記号-句点,,,記号,会話,シテ,417
50-虎寛1792_05005,6480,6520,B,やい〳〵,ヤイヤイ,やいやい,ヤイヤイ,ヤイ〳〵,副詞,,,和,会話,シテ,417
50-虎寛1792_05005,6520,6530,I,、,,、,,、,補助記号-読点,,,記号,会話,シテ,417
50-虎寛1792_05005,6530,6550,I,そち,ソチ,其方,ソチ,そち,代名詞,,,和,会話,シテ,417
50-虎寛1792_05005,6550,6560,I,は,ハ,は,ワ,は,助詞-係助詞,,,和,会話,シテ,417
50-虎寛1792_05005,6560,6590,I,をつと,オット,おっと,オット,をつと,感動詞-一般,,,和,会話,シテ,417
50-虎寛1792_05005,6590,6600,I,が,ガ,が,ガ,が,助詞-格助詞,,,和,会話,シテ,417
50-虎寛1792_05005,6600,6620,I,有る,アル,有る,アル,有る,動詞-非自立可能,文語ラ行変格,連体形-一般,和,会話,シテ,417
50-虎寛1792_05005,6620,6630,I,か,カ,か,カ,か,助詞-終助詞,,,和,会話,シテ,417
50-虎寛1792_05005,6630,6640,I,。,,。,,。,補助記号-句点,,,記号,会話,シテ,417
50-虎寛1792_05005,6640,6670,B,中〳〵,ナカナカ,中々,ナカナカ,中〳〵,副詞,,,和,会話,女,417
50-虎寛1792_05005,6670,6680,I,、,,、,,、,補助記号-読点,,,記号,会話,女,417
50-虎寛1792_05005,6680,6710,I,御座り,ゴザル,御座る,ゴザリ,御座り,動詞-非自立可能,文語四段-ラ行,連用形-一般,混,会話,女,417
50-虎寛1792_05005,6710,6740,I,まする,マス,ます,マスル,まする,助動詞,助動詞-マス,終止形-一般,和,会話,女,417
50-虎寛1792_05005,6740,6750,I,。,,。,,。,補助記号-句点,,,記号,会話,女,417
50-虎寛1792_05005,6750,6780,B,おのれ,オノレ,己,オノレ,おのれ,代名詞,,,和,会話,シテ,417
50-虎寛1792_05005,6780,6790,I,は,ハ,は,ワ,は,助詞-係助詞,,,和,会話,シテ,417
50-虎寛1792_05005,6790,6810,I,憎い,ニクイ,憎い,ニクイ,憎い,形容詞-一般,形容詞,連体形-一般,和,会話,シテ,417
50-虎寛1792_05005,6810,6830,I,やつ,ヤツ,奴,ヤツ,やつ,名詞-普通名詞-一般,,,和,会話,シテ,417
50-虎寛1792_05005,6830,6840,I,の,ノ,の,ノ,の,助詞-終助詞,,,和,会話,シテ,417
50-虎寛1792_05005,6840,6850,I,。,,。,,。,補助記号-句点,,,記号,会話,シテ,417
50-虎寛1792_05005,6850,6860,B,夫,ソレ,其れ,ソレ,夫,代名詞,,,和,会話,シテ,417
50-虎寛1792_05005,6860,6870,I,が,ガ,が,ガ,が,助詞-格助詞,,,和,会話,シテ,417
50-虎寛1792_05005,6870,6890,I,有ら,アル,有る,アラ,有ら,動詞-非自立可能,文語ラ行変格,未然形-一般,和,会話,シテ,417
50-虎寛1792_05005,6890,6900,I,ば,バ,ば,バ,ば,助詞-接続助詞,,,和,会話,シテ,417
50-虎寛1792_05005,6900,6910,I,此,コノ,此の,コノ,此,連体詞,,,和,会話,シテ,417
50-虎寛1792_05005,6910,6920,I,野,ノ,野,ノ,野,名詞-普通名詞-一般,,,和,会話,シテ,417
50-虎寛1792_05005,6920,6930,I,を,ヲ,を,オ,を,助詞-格助詞,,,和,会話,シテ,417
50-虎寛1792_05005,6930,6940,I,汝,ナンジ,汝,ナンジ,汝,代名詞,,,和,会話,シテ,417
50-虎寛1792_05005,6940,6960,I,独り,ヒトリ,独り,ヒトリ,独り,名詞-普通名詞-副詞可能,,,和,会話,シテ,417
50-虎寛1792_05005,6960,6980,I,やる,ヤル,遣る,ヤル,やる,動詞-非自立可能,文語四段-ラ行,連体形-一般,和,会話,シテ,417
50-虎寛1792_05005,6980,6990,I,物,モノ,物,モノ,物,名詞-普通名詞-サ変可能,,,和,会話,シテ,417
50-虎寛1792_05005,6990,7000,I,か,カ,か,カ,か,助詞-終助詞,,,和,会話,シテ,417
50-虎寛1792_05005,7000,7010,I,。,,。,,。,補助記号-句点,,,記号,会話,シテ,417
50-虎寛1792_05005,7010,7040,B,おのれ,オノレ,己,オノレ,おのれ,代名詞,,,和,会話,シテ,417
50-虎寛1792_05005,7040,7080,I,いつはり,イツワリ,偽り,イツワリ,いつはり,名詞-普通名詞-一般,,,和,会話,シテ,417
50-虎寛1792_05005,7080,7090,I,を,ヲ,を,オ,を,助詞-格助詞,,,和,会話,シテ,417
50-虎寛1792_05005,7090,7100,I,云,イウ,言う,イー,云,動詞-一般,文語四段-ハ行,連用形-一般,和,会話,シテ,417
50-虎寛1792_05005,7100,7120,I,おる,オル,居る,オル,おる,動詞-非自立可能,文語四段-ラ行,終止形-一般,和,会話,シテ,417
50-虎寛1792_05005,7120,7130,I,な,ナ,な,ナ,な,助詞-終助詞,,,和,会話,シテ,417
50-虎寛1792_05005,7130,7140,I,。,,。,,。,補助記号-句点,,,記号,会話,シテ,417
50-虎寛1792_05005,7140,7150,B,何,ナニ,何,ナニ,何,代名詞,,,和,会話,女,417
50-虎寛1792_05005,7150,7160,I,し,スル,為る,シ,し,動詞-非自立可能,文語サ行変格,連用形-一般,和,会話,女,417
50-虎寛1792_05005,7160,7170,I,に,ニ,に,ニ,に,助詞-格助詞,,,和,会話,女,417
50-虎寛1792_05005,7170,7190,I,偽り,イツワリ,偽り,イツワリ,偽り,名詞-普通名詞-一般,,,和,会話,女,417
50-虎寛1792_05005,7190,7200,I,を,ヲ,を,オ,を,助詞-格助詞,,,和,会話,女,417
50-虎寛1792_05005,7200,7210,I,申,モウス,申す,モース,申,動詞-非自立可能,文語四段-サ行,連体形-一般,和,会話,女,417
50-虎寛1792_05005,7210,7220,I,物,モノ,物,モノ,物,名詞-普通名詞-サ変可能,,,和,会話,女,417
50-虎寛1792_05005,7220,7230,I,で,ナリ,なり,デ,で,助動詞,文語助動詞-ナリ-断定,連用形-融合,和,会話,女,417
50-虎寛1792_05005,7230,7260,I,御ざる,ゴザル,御座る,ゴザル,御ざる,動詞-非自立可能,文語四段-ラ行,終止形-一般,混,会話,女,417
50-虎寛1792_05005,7260,7270,I,ぞ,ゾ,ぞ,ゾ,ぞ,助詞-終助詞,,,和,会話,女,417
50-虎寛1792_05005,7270,7280,I,。,,。,,。,補助記号-句点,,,記号,会話,女,417
50-虎寛1792_05005,7280,7300,B,能う,ヨク,良く,ヨー,能う,副詞,,,和,会話,女,417
50-虎寛1792_05005,7300,7320,I,思ふ,オモウ,思う,オモー,思ふ,動詞-一般,文語四段-ハ行,連用形-ウ音便,和,会話,女,417
50-虎寛1792_05005,7320,7330,I,て,テ,て,テ,て,助詞-接続助詞,,,和,会話,女,417
50-虎寛1792_05005,7330,7340,I,も,モ,も,モ,も,助詞-係助詞,,,和,会話,女,417
50-虎寛1792_05005,7340,7350,I,見,ミル,見る,ミ,見,動詞-非自立可能,文語上一段-マ行,未然形-一般,和,会話,女,417
50-虎寛1792_05005,7350,7370,I,させ,サセル,させる,サセ,させ,助動詞,文語下二段-サ行,未然形-一般,和,会話,女,417
50-虎寛1792_05005,7370,7400,I,られい,ラレル,られる,ラレイ,られい,助動詞,助動詞-レル,命令形,和,会話,女,417
50-虎寛1792_05005,7400,7410,I,。,,。,,。,補助記号-句点,,,記号,会話,女,417
50-虎寛1792_05005,7410,7420,B,夫,ソレ,其れ,ソレ,夫,代名詞,,,和,会話,女,417
50-虎寛1792_05005,7420,7430,I,が,ガ,が,ガ,が,助詞-格助詞,,,和,会話,女,417
50-虎寛1792_05005,7430,7450,I,有れ,アル,有る,アレ,有れ,動詞-非自立可能,文語ラ行変格,已然形-一般,和,会話,女,417
50-虎寛1792_05005,7450,7460,I,ば,バ,ば,バ,ば,助詞-接続助詞,,,和,会話,女,417
50-虎寛1792_05005,7460,7480,I,こそ,コソ,こそ,コソ,こそ,助詞-係助詞,,,和,会話,女,417
50-虎寛1792_05005,7480,7490,I,、,,、,,、,補助記号-読点,,,記号,会話,女,417
50-虎寛1792_05005,7490,7500,I,此,コノ,此の,コノ,此,連体詞,,,和,会話,女,417
50-虎寛1792_05005,7500,7510,I,様,ヨウ,様,ヨー,様,形状詞-助動詞語幹,,,漢,会話,女,417
50-虎寛1792_05005,7510,7520,I,な,ナリ,なり,ナ,な,助動詞,文語助動詞-ナリ-断定,連体形-一般,和,会話,女,417
50-虎寛1792_05005,7520,7540,I,稚い,オサナイ,幼,オサナイ,稚い,名詞-普通名詞-一般,,,和,会話,女,417
50-虎寛1792_05005,7540,7550,I,を,ヲ,を,オ,を,助詞-格助詞,,,和,会話,女,417
50-虎寛1792_05005,7550,7560,I,持,モツ,持つ,モッ,持,動詞-一般,文語四段-タ行,連用形-促音便,和,会話,女,417
50-虎寛1792_05005,7560,7570,I,て,テ,て,テ,て,助詞-接続助詞,,,和,会話,女,417
50-虎寛1792_05005,7570,7600,I,御座る,ゴザル,御座る,ゴザル,御座る,動詞-非自立可能,文語四段-ラ行,終止形-一般,混,会話,女,417
50-虎寛1792_05005,7600,7610,I,。,,。,,。,補助記号-句点,,,記号,会話,女,417
50-虎寛1792_05005,7610,7620,B,是,コレ,此れ,コレ,是,代名詞,,,和,会話,シテ,417
50-虎寛1792_05005,7620,7630,I,は,ハ,は,ワ,は,助詞-係助詞,,,和,会話,シテ,417
50-虎寛1792_05005,7630,7650,I,身共,ミドモ,身共,ミドモ,身共,代名詞,,,和,会話,シテ,417
50-虎寛1792_05005,7650,7660,I,が,ガ,が,ガ,が,助詞-格助詞,,,和,会話,シテ,417
50-虎寛1792_05005,7660,7680,I,誤つ,アヤマル,誤る,アヤマッ,誤つ,動詞-一般,文語四段-ラ行,連用形-促音便,和,会話,シテ,417
50-虎寛1792_05005,7680,7690,I,た,タ,た,タ,た,助動詞,助動詞-タ,終止形-一般,和,会話,シテ,417
50-虎寛1792_05005,7690,7700,I,。,,。,,。,補助記号-句点,,,記号,会話,シテ,417
50-虎寛1792_05005,7700,7710,B,扠,サテ,扠,サテ,扠,接続詞,,,和,会話,シテ,417
50-虎寛1792_05005,7710,7720,I,汝,ナンジ,汝,ナンジ,汝,代名詞,,,和,会話,シテ,417
50-虎寛1792_05005,7720,7730,I,は,ハ,は,ワ,は,助詞-係助詞,,,和,会話,シテ,417
50-虎寛1792_05005,7730,7750,I,真実,シンジツ,真実,シンジツ,真実,名詞-普通名詞-一般,,,漢,会話,シテ,417
50-虎寛1792_05005,7750,7760,I,命,イノチ,命,イノチ,命,名詞-普通名詞-一般,,,和,会話,シテ,417
50-虎寛1792_05005,7760,7770,I,が,ガ,が,ガ,が,助詞-格助詞,,,和,会話,シテ,417
50-虎寛1792_05005,7770,7790,I,助り,タスカル,助かる,タスカリ,助り,動詞-一般,文語四段-ラ行,連用形-一般,和,会話,シテ,417
50-虎寛1792_05005,7790,7810,I,たい,タイ,たい,タイ,たい,助動詞,助動詞-タイ,終止形-一般,和,会話,シテ,417
50-虎寛1792_05005,7810,7820,I,か,カ,か,カ,か,助詞-終助詞,,,和,会話,シテ,417
50-虎寛1792_05005,7820,7830,I,。,,。,,。,補助記号-句点,,,記号,会話,シテ,417
50-虎寛1792_05005,7830,7860,B,中〳〵,ナカナカ,中々,ナカナカ,中〳〵,副詞,,,和,会話,女,417
50-虎寛1792_05005,7860,7870,I,、,,、,,、,補助記号-読点,,,記号,会話,女,417
50-虎寛1792_05005,7870,7890,I,助り,タスカル,助かる,タスカリ,助り,動詞-一般,文語四段-ラ行,連用形-一般,和,会話,女,417
50-虎寛1792_05005,7890,7910,I,度う,タイ,たい,トー,度う,助動詞,文語形容詞-ク,連用形-ウ音便,和,会話,女,417
50-虎寛1792_05005,7910,7940,I,御ざる,ゴザル,御座る,ゴザル,御ざる,動詞-非自立可能,文語四段-ラ行,終止形-一般,混,会話,女,417
50-虎寛1792_05005,7940,7950,I,。,,。,,。,補助記号-句点,,,記号,会話,女,417
50-虎寛1792_05005,7950,7960,B,命,イノチ,命,イノチ,命,名詞-普通名詞-一般,,,和,会話,シテ,417
50-虎寛1792_05005,7960,7970,I,が,ガ,が,ガ,が,助詞-格助詞,,,和,会話,シテ,417
50-虎寛1792_05005,7970,7990,I,助り,タスカル,助かる,タスカリ,助り,動詞-一般,文語四段-ラ行,連用形-一般,和,会話,シテ,417
50-虎寛1792_05005,7990,8010,I,たく,タイ,たい,タク,たく,助動詞,助動詞-タイ,連用形-一般,和,会話,シテ,417
50-虎寛1792_05005,8010,8020,I,は,ハ,は,ワ,は,助詞-係助詞,,,和,会話,シテ,417
50-虎寛1792_05005,8020,8030,I,、,,、,,、,補助記号-読点,,,記号,会話,シテ,417
50-虎寛1792_05005,8030,8040,I,此,コノ,此の,コノ,此,連体詞,,,和,会話,シテ,417
50-虎寛1792_05005,8040,8050,I,鬼,オニ,鬼,オニ,鬼,名詞-普通名詞-一般,,,和,会話,シテ,417
50-虎寛1792_05005,8050,8060,I,の,ノ,の,ノ,の,助詞-格助詞,,,和,会話,シテ,417
50-虎寛1792_05005,8060,8080,I,いふ,イウ,言う,イウ,いふ,動詞-一般,文語四段-ハ行,連体形-一般,和,会話,シテ,417
50-虎寛1792_05005,8080,8090,I,事,コト,事,コト,事,名詞-普通名詞-一般,,,和,会話,シテ,417
50-虎寛1792_05005,8090,8100,I,を,ヲ,を,オ,を,助詞-格助詞,,,和,会話,シテ,417
50-虎寛1792_05005,8100,8120,I,聞く,キク,聞く,キク,聞く,動詞-一般,文語四段-カ行,連体形-一般,和,会話,シテ,417
50-虎寛1792_05005,8120,8130,I,か,カ,か,カ,か,助詞-終助詞,,,和,会話,シテ,417
50-虎寛1792_05005,8130,8140,I,。,,。,,。,補助記号-句点,,,記号,会話,シテ,417
50-虎寛1792_05005,8140,8150,B,何,ナニ,何,ナニ,何,代名詞,,,和,会話,女,417
50-虎寛1792_05005,8150,8160,I,成,ナリ,なり,ナリ,成,助動詞,文語助動詞-ナリ-断定,終止形-一般,和,会話,女,417
50-虎寛1792_05005,8160,8170,I,共,トモ,とも,トモ,共,助詞-接続助詞,,,和,会話,女,417
50-虎寛1792_05005,8170,8190,I,承り,ウケタマワル,承る,ウケタマワリ,承り,動詞-一般,文語四段-ラ行,連用形-一般,和,会話,女,417
50-虎寛1792_05005,8190,8210,I,ませ,マス,ます,マセ,ませ,助動詞,助動詞-マス,未然形-一般,和,会話,女,417
50-虎寛1792_05005,8210,8220,I,う,ウ,う,ウ,う,助動詞,無変化型,終止形-一般,和,会話,女,417
50-虎寛1792_05005,8220,8230,I,。,,。,,。,補助記号-句点,,,記号,会話,女,417
50-虎寛1792_05005,8230,8250,B,身共,ミドモ,身共,ミドモ,身共,代名詞,,,和,会話,シテ,417
50-虎寛1792_05005,8250,8260,I,は,ハ,は,ワ,は,助詞-係助詞,,,和,会話,シテ,417
50-虎寛1792_05005,8260,8300,I,恥かしい,ハズカシイ,恥ずかしい,ハズカシー,恥かしい,形容詞-一般,形容詞,連体形-一般,和,会話,シテ,417
50-虎寛1792_05005,8300,8310,I,事,コト,事,コト,事,名詞-普通名詞-一般,,,和,会話,シテ,418
50-虎寛1792_05005,8310,8330,I,成れ,ナリ,なり,ナレ,成れ,助動詞,文語助動詞-ナリ-断定,已然形-一般,和,会話,シテ,418
50-虎寛1792_05005,8330,8350,I,ども,ドモ,ども,ドモ,ども,助詞-接続助詞,,,和,会話,シテ,418
50-虎寛1792_05005,8350,8360,I,、,,、,,、,補助記号-読点,,,記号,会話,シテ,418
50-虎寛1792_05005,8360,8370,I,未,イマダ,未だ,イマダ,未,副詞,,,和,会話,シテ,418
50-虎寛1792_05005,8370,8390,I,定る,サダメル,定める,サダムル,定る,動詞-一般,文語下二段-マ行,連体形-一般,和,会話,シテ,418
50-虎寛1792_05005,8390,8400,I,妻,ツマ,妻,ツマ,妻,名詞-普通名詞-一般,,,和,会話,シテ,418
50-虎寛1792_05005,8400,8410,I,が,ガ,が,ガ,が,助詞-格助詞,,,和,会話,シテ,418
50-虎寛1792_05005,8410,8430,I,ない,ナイ,無い,ナイ,ない,形容詞-非自立可能,形容詞,連体形-一般,和,会話,シテ,418
50-虎寛1792_05005,8430,8440,I,に,ニ,に,ニ,に,助詞-格助詞,,,和,会話,シテ,418
50-虎寛1792_05005,8440,8450,I,依,ヨル,因る,ヨッ,依,動詞-一般,文語四段-ラ行,連用形-促音便,和,会話,シテ,418
50-虎寛1792_05005,8450,8460,I,て,テ,て,テ,て,助詞-接続助詞,,,和,会話,シテ,418
50-虎寛1792_05005,8460,8470,I,、,,、,,、,補助記号-読点,,,記号,会話,シテ,418
50-虎寛1792_05005,8470,8480,I,汝,ナンジ,汝,ナンジ,汝,代名詞,,,和,会話,シテ,418
50-虎寛1792_05005,8480,8490,I,を,ヲ,を,オ,を,助詞-格助詞,,,和,会話,シテ,418
50-虎寛1792_05005,8490,8510,I,つれ,ツレル,連れる,ツレ,つれ,動詞-一般,文語下二段-ラ行,連用形-一般,和,会話,シテ,418
50-虎寛1792_05005,8510,8520,I,て,テ,て,テ,て,助詞-接続助詞,,,和,会話,シテ,418
50-虎寛1792_05005,8520,8530,I,い,イク,行く,イ,い,動詞-非自立可能,文語四段-カ行,連用形-省略,和,会話,シテ,418
50-虎寛1792_05005,8530,8540,I,て,テ,て,テ,て,助詞-接続助詞,,,和,会話,シテ,418
50-虎寛1792_05005,8540,8550,I,某,ソレガシ,某,ソレガシ,某,代名詞,,,和,会話,シテ,418
50-虎寛1792_05005,8550,8560,I,が,ガ,が,ガ,が,助詞-格助詞,,,和,会話,シテ,418
50-虎寛1792_05005,8560,8570,I,妻,ツマ,妻,ツマ,妻,名詞-普通名詞-一般,,,和,会話,シテ,418
50-虎寛1792_05005,8570,8580,I,に,ニ,に,ニ,に,助詞-格助詞,,,和,会話,シテ,418
50-虎寛1792_05005,8580,8600,I,する,スル,為る,スル,する,動詞-非自立可能,文語サ行変格,連体形-一般,和,会話,シテ,418
50-虎寛1792_05005,8600,8610,I,程,ホド,程,ホド,程,名詞-普通名詞-副詞可能,,,和,会話,シテ,418
50-虎寛1792_05005,8610,8620,I,に,ニ,に,ニ,に,助詞-格助詞,,,和,会話,シテ,418
50-虎寛1792_05005,8620,8630,I,、,,、,,、,補助記号-読点,,,記号,会話,シテ,418
50-虎寛1792_05005,8630,8650,I,さう,ソウ,そう,ソー,さう,副詞,,,和,会話,シテ,418
50-虎寛1792_05005,8650,8660,I,心,ココロ,心,ココロ,心,名詞-普通名詞-サ変可能,,,和,会話,シテ,418
50-虎寛1792_05005,8660,8670,I,へ,ヘ,へ,エ,へ,助詞-格助詞,,,和,会話,シテ,418
50-虎寛1792_05005,8670,8680,I,い,イク,行く,イ,い,動詞-非自立可能,文語四段-カ行,連用形-省略,和,会話,シテ,418
50-虎寛1792_05005,8680,8690,I,。,,。,,。,補助記号-句点,,,記号,会話,シテ,418
50-虎寛1792_05005,8690,8710,B,なう,ノウ,のう,ノー,なう,感動詞-一般,,,和,会話,女,418
50-虎寛1792_05005,8710,8720,I,、,,、,,、,補助記号-読点,,,記号,会話,女,418
50-虎寛1792_05005,8720,8770,I,ぶつきやう,ブッキョウ,物狂,ブッキョー,ぶつきやう,名詞-普通名詞-一般,,,漢,会話,女,418
50-虎寛1792_05005,8770,8780,I,や,ヤ,や,ヤ,や,助詞-終助詞,,,和,会話,女,418
50-虎寛1792_05005,8780,8800,I,〳〵,,〳〵,,〳〵,補助記号-一般,,,記号,会話,女,418
50-虎寛1792_05005,8800,8810,I,。,,。,,。,補助記号-句点,,,記号,会話,女,418
50-虎寛1792_05005,8810,8840,B,いかに,イカニ,如何に,イカニ,いかに,副詞,,,和,会話,女,418
50-虎寛1792_05005,8840,8850,I,命,イノチ,命,イノチ,命,名詞-普通名詞-一般,,,和,会話,女,418
50-虎寛1792_05005,8850,8860,I,が,ガ,が,ガ,が,助詞-格助詞,,,和,会話,女,418
50-虎寛1792_05005,8860,8880,I,助り,タスカル,助かる,タスカリ,助り,動詞-一般,文語四段-ラ行,連用形-一般,和,会話,女,418
50-虎寛1792_05005,8880,8900,I,たい,タイ,たい,タイ,たい,助動詞,助動詞-タイ,終止形-一般,和,会話,女,418
50-虎寛1792_05005,8900,8910,I,と,ト,と,ト,と,助詞-格助詞,,,和,会話,女,418
50-虎寛1792_05005,8910,8930,I,いふ,イウ,言う,イウ,いふ,動詞-一般,文語四段-ハ行,連用形-ウ音便,和,会話,女,418
50-虎寛1792_05005,8930,8940,I,て,テ,て,テ,て,助詞-接続助詞,,,和,会話,女,418
50-虎寛1792_05005,8940,8950,I,、,,、,,、,補助記号-読点,,,記号,会話,女,418
50-虎寛1792_05005,8950,8960,I,夫,オット,夫,オット,夫,名詞-普通名詞-一般,,,和,会話,女,418
50-虎寛1792_05005,8960,8980,I,有り,アル,有る,アリ,有り,動詞-非自立可能,文語ラ行変格,連用形-一般,和,会話,女,418
50-虎寛1792_05005,8980,9010,I,ながら,ナガラ,ながら,ナガラ,ながら,助詞-接続助詞,,,和,会話,女,418
50-虎寛1792_05005,9010,9020,I,、,,、,,、,補助記号-読点,,,記号,会話,女,418
50-虎寛1792_05005,9020,9030,I,何,ナニ,何,ナニ,何,代名詞,,,和,会話,女,418
50-虎寛1792_05005,9030,9040,I,と,ト,と,ト,と,助詞-格助詞,,,和,会話,女,418
50-虎寛1792_05005,9040,9070,I,こなた,コナタ,此方,コナタ,こなた,代名詞,,,和,会話,女,418
50-虎寛1792_05005,9070,9080,I,の,ノ,の,ノ,の,助詞-格助詞,,,和,会話,女,418
50-虎寛1792_05005,9080,9100,I,つま,ツマ,妻,ツマ,つま,名詞-普通名詞-一般,,,和,会話,女,418
50-虎寛1792_05005,9100,9110,I,に,ニ,に,ニ,に,助詞-格助詞,,,和,会話,女,418
50-虎寛1792_05005,9110,9130,I,成ら,ナル,成る,ナラ,成ら,動詞-非自立可能,文語四段-ラ行,未然形-一般,和,会話,女,418
50-虎寛1792_05005,9130,9150,I,るる,レル,れる,ルル,るゝ,助動詞,文語下二段-ラ行,連体形-一般,和,会話,女,418
50-虎寛1792_05005,9150,9160,I,物,モノ,物,モノ,物,名詞-普通名詞-サ変可能,,,和,会話,女,418
50-虎寛1792_05005,9160,9170,I,で,ナリ,なり,デ,で,助動詞,文語助動詞-ナリ-断定,連用形-融合,和,会話,女,418
50-虎寛1792_05005,9170,9200,I,御ざる,ゴザル,御座る,ゴザル,御ざる,動詞-非自立可能,文語四段-ラ行,終止形-一般,混,会話,女,418
50-虎寛1792_05005,9200,9210,I,ぞ,ゾ,ぞ,ゾ,ぞ,助詞-終助詞,,,和,会話,女,418
50-虎寛1792_05005,9210,9220,I,。,,。,,。,補助記号-句点,,,記号,会話,女,418
50-虎寛1792_05005,9220,9230,B,是,コレ,此れ,コレ,是,代名詞,,,和,会話,女,418
50-虎寛1792_05005,9230,9240,I,は,ハ,は,ワ,は,助詞-係助詞,,,和,会話,女,418
50-虎寛1792_05005,9240,9260,I,成り,ナル,成る,ナリ,成り,動詞-非自立可能,文語四段-ラ行,連用形-一般,和,会話,女,418
50-虎寛1792_05005,9260,9280,I,ませ,マス,ます,マセ,ませ,助動詞,助動詞-マス,未然形-一般,和,会話,女,418
50-虎寛1792_05005,9280,9290,I,ぬ,ズ,ず,ヌ,ぬ,助動詞,文語助動詞-ズ,連体形-一般,和,会話,女,418
50-虎寛1792_05005,9290,9300,I,。,,。,,。,補助記号-句点,,,記号,会話,女,418
50-虎寛1792_05005,9300,9330,B,おのれ,オノレ,己,オノレ,おのれ,代名詞,,,和,会話,シテ,418
50-虎寛1792_05005,9330,9340,I,は,ハ,は,ワ,は,助詞-係助詞,,,和,会話,シテ,418
50-虎寛1792_05005,9340,9360,I,憎い,ニクイ,憎い,ニクイ,憎い,形容詞-一般,形容詞,連体形-一般,和,会話,シテ,418
50-虎寛1792_05005,9360,9380,I,やつ,ヤツ,奴,ヤツ,やつ,名詞-普通名詞-一般,,,和,会話,シテ,418
50-虎寛1792_05005,9380,9390,I,の,ノ,の,ノ,の,助詞-終助詞,,,和,会話,シテ,418
50-虎寛1792_05005,9390,9400,I,。,,。,,。,補助記号-句点,,,記号,会話,シテ,418
50-虎寛1792_05005,9400,9410,B,其,ソノ,其の,ソノ,其,連体詞,,,和,会話,シテ,418
50-虎寛1792_05005,9410,9430,I,つれ,ツレ,連れ,ツレ,つれ,名詞-普通名詞-一般,,,和,会話,シテ,418
50-虎寛1792_05005,9430,9440,I,を,ヲ,を,オ,を,助詞-格助詞,,,和,会話,シテ,418
50-虎寛1792_05005,9440,9460,I,いふ,イウ,言う,イウ,いふ,動詞-一般,文語四段-ハ行,連用形-ウ音便,和,会話,シテ,418
50-虎寛1792_05005,9460,9470,I,て,テ,て,テ,て,助詞-接続助詞,,,和,会話,シテ,418
50-虎寛1792_05005,9470,9480,I,、,,、,,、,補助記号-読点,,,記号,会話,シテ,418
50-虎寛1792_05005,9480,9490,I,妻,ツマ,妻,ツマ,妻,名詞-普通名詞-一般,,,和,会話,シテ,418
50-虎寛1792_05005,9490,9500,I,に,ニ,に,ニ,に,助詞-格助詞,,,和,会話,シテ,418
50-虎寛1792_05005,9500,9520,I,成ら,ナル,成る,ナラ,成ら,動詞-非自立可能,文語四段-ラ行,未然形-一般,和,会話,シテ,418
50-虎寛1792_05005,9520,9530,I,ず,ズ,ず,ズ,ず,助動詞,文語助動詞-ズ,連用形-一般,和,会話,シテ,418
50-虎寛1792_05005,9530,9540,I,は,ハ,は,ワ,は,助詞-係助詞,,,和,会話,シテ,418
50-虎寛1792_05005,9540,9550,I,、,,、,,、,補助記号-読点,,,記号,会話,シテ,418
50-虎寛1792_05005,9550,9570,I,まづ,マズ,先ず,マズ,まづ,副詞,,,和,会話,シテ,418
50-虎寛1792_05005,9570,9580,I,其,ソノ,其の,ソノ,其,連体詞,,,和,会話,シテ,418
50-虎寛1792_05005,9580,9590,I,子,コ,子,コ,子,名詞-普通名詞-一般,,,和,会話,シテ,418
50-虎寛1792_05005,9590,9610,I,から,カラ,から,カラ,から,助詞-格助詞,,,和,会話,シテ,418
50-虎寛1792_05005,9610,9630,I,いで,イデ,いで,イデ,いで,感動詞-一般,,,和,会話,シテ,418
50-虎寛1792_05005,9630,9650,I,喰は,クウ,食う,クワ,喰は,動詞-一般,文語四段-ハ行,未然形-一般,和,会話,シテ,418
50-虎寛1792_05005,9650,9660,I,う,ウ,う,ウ,う,助動詞,無変化型,終止形-一般,和,会話,シテ,418
50-虎寛1792_05005,9660,9670,I,、,,、,,、,補助記号-読点,,,記号,会話,シテ,418
50-虎寛1792_05005,9670,9690,I,ああ,アア,ああ,アー,あゝ,感動詞-一般,,,和,会話,シテ,418
50-虎寛1792_05005,9690,9700,I,。,,。,,。,補助記号-句点,,,記号,会話,シテ,418
50-虎寛1792_05005,9700,9720,B,ああ,アア,ああ,アー,アヽ,感動詞-一般,,,和,会話,女,418
50-虎寛1792_05005,9720,9730,I,妻,ツマ,妻,ツマ,妻,名詞-普通名詞-一般,,,和,会話,女,418
50-虎寛1792_05005,9730,9740,I,に,ニ,に,ニ,に,助詞-格助詞,,,和,会話,女,418
50-虎寛1792_05005,9740,9750,I,成,ナル,成る,ナリ,成,動詞-非自立可能,文語四段-ラ行,連用形-一般,和,会話,女,418
50-虎寛1792_05005,9750,9770,I,ませ,マス,ます,マセ,ませ,助動詞,助動詞-マス,未然形-一般,和,会話,女,418
50-虎寛1792_05005,9770,9780,I,う,ウ,う,ウ,う,助動詞,無変化型,終止形-一般,和,会話,女,418
50-虎寛1792_05005,9780,9790,I,。,,。,,。,補助記号-句点,,,記号,会話,女,418
50-虎寛1792_05005,9790,9810,B,真平,マッピラ,真っ平,マッピラ,真平,副詞,,,和,会話,女,418
50-虎寛1792_05005,9810,9820,I,命,イノチ,命,イノチ,命,名詞-普通名詞-一般,,,和,会話,女,418
50-虎寛1792_05005,9820,9830,I,を,ヲ,を,オ,を,助詞-格助詞,,,和,会話,女,418
50-虎寛1792_05005,9830,9840,I,助,タスケル,助ける,タスケ,助,動詞-一般,文語下二段-カ行,連用形-一般,和,会話,女,418
50-虎寛1792_05005,9840,9850,I,て,テ,て,テ,て,助詞-接続助詞,,,和,会話,女,418
50-虎寛1792_05005,9850,9880,I,被下い,クダサレル,下される,クダサレイ,被下い,動詞-非自立可能,下一段-ラ行,命令形,和,会話,女,418
50-虎寛1792_05005,9880,9890,I,。,,。,,。,補助記号-句点,,,記号,会話,女,418
50-虎寛1792_05005,9890,9900,B,何,ナニ,何,ナン,何,代名詞,,,和,会話,シテ,418
50-虎寛1792_05005,9900,9920,I,じや,ジャ,じゃ,ジャ,じや,助動詞,助動詞-ジャ,終止形-一般,和,会話,シテ,418
50-虎寛1792_05005,9920,9930,I,、,,、,,、,補助記号-読点,,,記号,会話,シテ,418
50-虎寛1792_05005,9930,9940,I,妻,ツマ,妻,ツマ,妻,名詞-普通名詞-一般,,,和,会話,シテ,418
50-虎寛1792_05005,9940,9950,I,に,ニ,に,ニ,に,助詞-格助詞,,,和,会話,シテ,418
50-虎寛1792_05005,9950,9960,I,成,ナル,成る,ナラ,成,動詞-非自立可能,文語四段-ラ行,未然形-一般,和,会話,シテ,418
50-虎寛1792_05005,9960,9970,I,う,ウ,う,ウ,う,助動詞,無変化型,終止形-一般,和,会話,シテ,418
50-虎寛1792_05005,9970,9980,I,。,,。,,。,補助記号-句点,,,記号,会話,シテ,418
50-虎寛1792_05005,9980,10010,B,中〳〵,ナカナカ,中々,ナカナカ,中〳〵,副詞,,,和,会話,女,418
50-虎寛1792_05005,10010,10020,I,。,,。,,。,補助記号-句点,,,記号,会話,女,418
50-虎寛1792_05005,10020,10040,B,をを,オオ,おお,オー,をゝ,感動詞-一般,,,和,会話,シテ,418
50-虎寛1792_05005,10040,10050,I,、,,、,,、,補助記号-読点,,,記号,会話,シテ,418
50-虎寛1792_05005,10050,10070,I,能い,ヨイ,良い,ヨイ,能い,形容詞-非自立可能,形容詞,連体形-一般,和,会話,シテ,418
50-虎寛1792_05005,10070,10090,I,合点,ガッテン,合点,ガテン,合点,名詞-普通名詞-サ変可能,,,漢,会話,シテ,418
50-虎寛1792_05005,10090,10110,I,じや,ジャ,じゃ,ジャ,じや,助動詞,助動詞-ジャ,終止形-一般,和,会話,シテ,418
50-虎寛1792_05005,10110,10120,I,。,,。,,。,補助記号-句点,,,記号,会話,シテ,418
50-虎寛1792_05005,10120,10130,B,夫,ソレ,其れ,ソレ,夫,代名詞,,,和,会話,シテ,418
50-虎寛1792_05005,10130,10150,I,成ら,ナリ,なり,ナラ,成ら,助動詞,文語助動詞-ナリ-断定,未然形-一般,和,会話,シテ,418
50-虎寛1792_05005,10150,10160,I,ば,バ,ば,バ,ば,助詞-接続助詞,,,和,会話,シテ,418
50-虎寛1792_05005,10160,10180,I,すぐ,スグ,直ぐ,スグ,すぐ,副詞,,,和,会話,シテ,418
50-虎寛1792_05005,10180,10190,I,に,ニ,に,ニ,に,助詞-格助詞,,,和,会話,シテ,418
50-虎寛1792_05005,10190,10210,I,蓬莱,ホウライ,蓬莱,ホーライ,蓬莱,名詞-普通名詞-一般,,,漢,会話,シテ,418
50-虎寛1792_05005,10210,10220,I,の,ノ,の,ノ,の,助詞-格助詞,,,和,会話,シテ,418
50-虎寛1792_05005,10220,10230,I,島,シマ,島,シマ,島,名詞-普通名詞-一般,,,和,会話,シテ,418
50-虎寛1792_05005,10230,10240,I,へ,ヘ,へ,エ,へ,助詞-格助詞,,,和,会話,シテ,418
50-虎寛1792_05005,10240,10250,I,連,ツレル,連れる,ツレ,連,動詞-一般,文語下二段-ラ行,連用形-一般,和,会話,シテ,418
50-虎寛1792_05005,10250,10260,I,て,テ,て,テ,て,助詞-接続助詞,,,和,会話,シテ,418
50-虎寛1792_05005,10260,10270,I,い,イク,行く,イ,い,動詞-非自立可能,文語四段-カ行,連用形-省略,和,会話,シテ,418
50-虎寛1792_05005,10270,10280,I,て,テ,て,テ,て,助詞-接続助詞,,,和,会話,シテ,418
50-虎寛1792_05005,10280,10290,I,、,,、,,、,補助記号-読点,,,記号,会話,シテ,418
50-虎寛1792_05005,10290,10310,I,思ふ,オモウ,思う,オモウ,思ふ,動詞-一般,文語四段-ハ行,連体形-一般,和,会話,シテ,418
50-虎寛1792_05005,10310,10330,I,まま,ママ,侭,ママ,まゝ,名詞-普通名詞-副詞可能,,,和,会話,シテ,418
50-虎寛1792_05005,10330,10340,I,に,ニ,に,ニ,に,助詞-格助詞,,,和,会話,シテ,418
50-虎寛1792_05005,10340,10360,I,活計,カッケイ,活計,カッケー,活計,名詞-普通名詞-一般,,,漢,会話,シテ,418
50-虎寛1792_05005,10360,10370,I,を,ヲ,を,オ,を,助詞-格助詞,,,和,会話,シテ,418
50-虎寛1792_05005,10370,10390,I,させ,サセル,させる,サセ,させ,助動詞,文語下二段-サ行,未然形-一般,和,会話,シテ,418
50-虎寛1792_05005,10390,10400,I,う,ウ,う,ウ,う,助動詞,無変化型,終止形-一般,和,会話,シテ,418
50-虎寛1792_05005,10400,10410,I,ぞ,ゾ,ぞ,ゾ,ぞ,助詞-終助詞,,,和,会話,シテ,418
50-虎寛1792_05005,10410,10420,I,。,,。,,。,補助記号-句点,,,記号,会話,シテ,418
50-虎寛1792_05005,10420,10430,B,夫,ソレ,其れ,ソレ,夫,代名詞,,,和,会話,女,418
50-虎寛1792_05005,10430,10440,I,は,ハ,は,ワ,は,助詞-係助詞,,,和,会話,女,418
50-虎寛1792_05005,10440,10470,I,嬉しう,ウレシイ,嬉しい,ウレシュー,嬉しう,形容詞-一般,形容詞,連用形-ウ音便,和,会話,女,418
50-虎寛1792_05005,10470,10500,I,御座る,ゴザル,御座る,ゴザル,御座る,動詞-非自立可能,文語四段-ラ行,終止形-一般,混,会話,女,418
50-虎寛1792_05005,10500,10510,I,。,,。,,。,補助記号-句点,,,記号,会話,女,418
50-虎寛1792_05005,10510,10520,B,扠,サテ,扠,サテ,扠,接続詞,,,和,会話,女,418
50-虎寛1792_05005,10520,10540,I,蓬莱,ホウライ,蓬莱,ホーライ,蓬莱,名詞-普通名詞-一般,,,漢,会話,女,418
50-虎寛1792_05005,10540,10550,I,の,ノ,の,ノ,の,助詞-格助詞,,,和,会話,女,418
50-虎寛1792_05005,10550,10560,I,島,シマ,島,シマ,島,名詞-普通名詞-一般,,,和,会話,女,418
50-虎寛1792_05005,10560,10570,I,と,ト,と,ト,と,助詞-格助詞,,,和,会話,女,418
50-虎寛1792_05005,10570,10590,I,やら,ヤラ,やら,ヤラ,やら,助詞-副助詞,,,和,会話,女,418
50-虎寛1792_05005,10590,10600,I,へ,ヘ,へ,エ,へ,助詞-格助詞,,,和,会話,女,418
50-虎寛1792_05005,10600,10620,I,参る,マイル,参る,マイル,参る,動詞-非自立可能,文語四段-ラ行,連体形-一般,和,会話,女,418
50-虎寛1792_05005,10620,10640,I,成ら,ナリ,なり,ナラ,成ら,助動詞,文語助動詞-ナリ-断定,未然形-一般,和,会話,女,418
50-虎寛1792_05005,10640,10650,I,ば,バ,ば,バ,ば,助詞-接続助詞,,,和,会話,女,418
50-虎寛1792_05005,10650,10660,I,、,,、,,、,補助記号-読点,,,記号,会話,女,418
50-虎寛1792_05005,10660,10670,I,此,コノ,此の,コノ,此,連体詞,,,和,会話,女,418
50-虎寛1792_05005,10670,10680,I,体,テイ,体,テー,体,名詞-普通名詞-一般,,,漢,会話,女,418
50-虎寛1792_05005,10680,10690,I,で,デ,で,デ,で,助詞-格助詞,,,和,会話,女,418
50-虎寛1792_05005,10690,10700,I,は,ハ,は,ワ,は,助詞-係助詞,,,和,会話,女,418
50-虎寛1792_05005,10700,10730,I,いかが,イカガ,如何,イカガ,いかゞ,形状詞-一般,,,和,会話,女,418
50-虎寛1792_05005,10730,10740,I,で,ナリ,なり,デ,で,助動詞,文語助動詞-ナリ-断定,連用形-融合,和,会話,女,418
50-虎寛1792_05005,10740,10770,I,御ざる,ゴザル,御座る,ゴザル,御ざる,動詞-非自立可能,文語四段-ラ行,終止形-一般,混,会話,女,418
50-虎寛1792_05005,10770,10780,I,。,,。,,。,補助記号-句点,,,記号,会話,女,418
50-虎寛1792_05005,10780,10800,B,ちと,チョット,一寸,チト,ちと,副詞,,,和,会話,女,418
50-虎寛1792_05005,10800,10810,I,取,トル,取る,トリ,取,動詞-一般,文語四段-ラ行,連用形-一般,和,会話,女,418
50-虎寛1792_05005,10810,10850,I,つくろふ,ツクロウ,繕う,ツクロー,つくろふ,動詞-一般,文語四段-ハ行,連用形-ウ音便,和,会話,女,418
50-虎寛1792_05005,10850,10860,I,て,テ,て,テ,て,助詞-接続助詞,,,和,会話,女,418
50-虎寛1792_05005,10860,10880,I,参り,マイル,参る,マイリ,参り,動詞-非自立可能,文語四段-ラ行,連用形-一般,和,会話,女,418
50-虎寛1792_05005,10880,10900,I,度う,タイ,たい,トー,度う,助動詞,文語形容詞-ク,連用形-ウ音便,和,会話,女,418
50-虎寛1792_05005,10900,10930,I,御ざる,ゴザル,御座る,ゴザル,御ざる,動詞-非自立可能,文語四段-ラ行,終止形-一般,混,会話,女,418
50-虎寛1792_05005,10930,10940,I,。,,。,,。,補助記号-句点,,,記号,会話,女,418
50-虎寛1792_05005,10940,10950,B,其,ソノ,其の,ソノ,其,連体詞,,,和,会話,女,418
50-虎寛1792_05005,10950,10960,I,間,アイダ,間,アイダ,間,名詞-普通名詞-副詞可能,,,和,会話,女,418
50-虎寛1792_05005,10960,10970,I,此,コノ,此の,コノ,此,連体詞,,,和,会話,女,418
50-虎寛1792_05005,10970,10980,I,子,コ,子,コ,子,名詞-普通名詞-一般,,,和,会話,女,418
50-虎寛1792_05005,10980,10990,I,の,ノ,の,ノ,の,助詞-格助詞,,,和,会話,女,418
50-虎寛1792_05005,10990,11010,I,守り,モリ,守り,モリ,守り,名詞-普通名詞-一般,,,和,会話,女,418
50-虎寛1792_05005,11010,11020,I,を,ヲ,を,オ,を,助詞-格助詞,,,和,会話,女,418
50-虎寛1792_05005,11020,11030,I,し,スル,為る,シ,し,動詞-非自立可能,文語サ行変格,連用形-一般,和,会話,女,418
50-虎寛1792_05005,11030,11040,I,て,テ,て,テ,て,助詞-接続助詞,,,和,会話,女,418
50-虎寛1792_05005,11040,11070,I,被下い,クダサレル,下される,クダサレイ,被下い,動詞-非自立可能,下一段-ラ行,命令形,和,会話,女,418
50-虎寛1792_05005,11070,11080,I,。,,。,,。,補助記号-句点,,,記号,会話,女,418
50-虎寛1792_05005,11080,11090,B,何,ナニ,何,ナニ,何,代名詞,,,和,会話,シテ,418
50-虎寛1792_05005,11090,11100,I,が,ガ,が,ガ,が,助詞-格助詞,,,和,会話,シテ,418
50-虎寛1792_05005,11100,11110,I,扠,サテ,扠,サテ,扠,接続詞,,,和,会話,シテ,418
50-虎寛1792_05005,11110,11130,I,安い,ヤスイ,安い,ヤスイ,安い,形容詞-一般,形容詞,連体形-一般,和,会話,シテ,418
50-虎寛1792_05005,11130,11140,I,事,コト,事,コト,事,名詞-普通名詞-一般,,,和,会話,シテ,418
50-虎寛1792_05005,11140,11160,I,じや,ジャ,じゃ,ジャ,じや,助動詞,助動詞-ジャ,終止形-一般,和,会話,シテ,418
50-虎寛1792_05005,11160,11170,I,。,,。,,。,補助記号-句点,,,記号,会話,シテ,418
50-虎寛1792_05005,11170,11180,B,是,コレ,此れ,コレ,是,代名詞,,,和,会話,シテ,418
50-虎寛1792_05005,11180,11190,I,へ,ヘ,へ,エ,へ,助詞-格助詞,,,和,会話,シテ,418
50-虎寛1792_05005,11190,11220,I,おこさ,オコス,遣す,オコサ,おこさ,動詞-一般,文語四段-サ行,未然形-一般,和,会話,シテ,418
50-虎寛1792_05005,11220,11240,I,しめ,シモ,しも,シメ,しめ,助動詞,文語助動詞-シモ,命令形,和,会話,シテ,418
50-虎寛1792_05005,11240,11250,I,。,,。,,。,補助記号-句点,,,記号,会話,シテ,418
50-虎寛1792_05005,11250,11270,B,もり,モリ,森,モリ,もり,名詞-普通名詞-一般,,,和,会話,シテ,418
50-虎寛1792_05005,11270,11280,I,を,ヲ,を,オ,を,助詞-格助詞,,,和,会話,シテ,418
50-虎寛1792_05005,11280,11290,I,し,スル,為る,シ,し,動詞-非自立可能,文語サ行変格,連用形-一般,和,会話,シテ,418
50-虎寛1792_05005,11290,11300,I,て,テ,て,テ,て,助詞-接続助詞,,,和,会話,シテ,418
50-虎寛1792_05005,11300,11320,I,やら,ヤル,遣る,ヤラ,やら,動詞-非自立可能,文語四段-ラ行,未然形-一般,和,会話,シテ,418
50-虎寛1792_05005,11320,11330,I,う,ウ,う,ウ,う,助動詞,無変化型,終止形-一般,和,会話,シテ,418
50-虎寛1792_05005,11330,11340,I,。,,。,,。,補助記号-句点,,,記号,会話,シテ,418
50-虎寛1792_05005,11340,11360,B,さあ,サア,さあ,サー,さあ,感動詞-一般,,,和,会話,女,418
50-虎寛1792_05005,11360,11380,I,〳〵,,〳〵,,〳〵,補助記号-一般,,,記号,会話,女,418
50-虎寛1792_05005,11380,11400,I,進じ,シンズル,進ずる,シンジ,進じ,動詞-一般,文語サ行変格,連用形-一般,混,会話,女,418
50-虎寛1792_05005,11400,11430,I,まする,マス,ます,マスル,まする,助動詞,助動詞-マス,終止形-一般,和,会話,女,418
50-虎寛1792_05005,11430,11440,I,。,,。,,。,補助記号-句点,,,記号,会話,女,418
50-虎寛1792_05005,11440,11460,B,心へ,ココロエル,心得る,ココロエ,心へ,動詞-一般,文語下二段-ア行,連用形-一般,和,会話,シテ,418
50-虎寛1792_05005,11460,11470,I,た,タ,た,タ,た,助動詞,助動詞-タ,終止形-一般,和,会話,シテ,418
50-虎寛1792_05005,11470,11480,I,。,,。,,。,補助記号-句点,,,記号,会話,シテ,418
50-虎寛1792_05005,11480,11490,B,扠,サテ,扠,サテ,扠,接続詞,,,和,会話,シテ,418
50-虎寛1792_05005,11490,11500,I,も,モ,も,モ,も,助詞-係助詞,,,和,会話,シテ,418
50-虎寛1792_05005,11500,11520,I,〳〵,,〳〵,,〳〵,補助記号-一般,,,記号,会話,シテ,418
50-虎寛1792_05005,11520,11560,I,愛らしい,アイラシイ,愛らしい,アイラシー,愛らしい,形容詞-一般,形容詞,連体形-一般,混,会話,シテ,418
50-虎寛1792_05005,11560,11570,I,子,コ,子,コ,子,名詞-普通名詞-一般,,,和,会話,シテ,418
50-虎寛1792_05005,11570,11590,I,かな,カナ,哉,カナ,かな,助詞-終助詞,,,和,会話,シテ,418
50-虎寛1792_05005,11590,11600,I,。,,。,,。,補助記号-句点,,,記号,会話,シテ,418
50-虎寛1792_05005,11600,11610,B,此,コノ,此の,コノ,此,連体詞,,,和,会話,シテ,418
50-虎寛1792_05005,11610,11650,I,恐ろしい,オソロシイ,恐ろしい,オソロシー,恐ろしい,形容詞-一般,形容詞,連体形-一般,和,会話,シテ,418
50-虎寛1792_05005,11650,11660,I,某,ソレガシ,某,ソレガシ,某,代名詞,,,和,会話,シテ,418
50-虎寛1792_05005,11660,11670,I,が,ガ,が,ガ,が,助詞-格助詞,,,和,会話,シテ,418
50-虎寛1792_05005,11670,11690,I,つら,ツラ,面,ツラ,つら,名詞-普通名詞-一般,,,和,会話,シテ,418
50-虎寛1792_05005,11690,11700,I,を,ヲ,を,オ,を,助詞-格助詞,,,和,会話,シテ,418
50-虎寛1792_05005,11700,11710,I,見,ミル,見る,ミ,見,動詞-非自立可能,文語上一段-マ行,連用形-一般,和,会話,シテ,418
50-虎寛1792_05005,11710,11720,I,て,テ,て,テ,て,助詞-接続助詞,,,和,会話,シテ,418
50-虎寛1792_05005,11720,11730,I,、,,、,,、,補助記号-読点,,,記号,会話,シテ,418
50-虎寛1792_05005,11730,11770,I,おどろき,オドロキ,驚き,オドロキ,おどろき,名詞-普通名詞-一般,,,和,会話,シテ,418
50-虎寛1792_05005,11770,11780,I,も,モ,も,モ,も,助詞-係助詞,,,和,会話,シテ,418
50-虎寛1792_05005,11780,11790,I,せ,スル,為る,セ,せ,動詞-非自立可能,文語サ行変格,未然形-一般,和,会話,シテ,418
50-虎寛1792_05005,11790,11800,I,ず,ズ,ず,ズ,ず,助動詞,文語助動詞-ズ,連用形-一般,和,会話,シテ,418
50-虎寛1792_05005,11800,11840,I,にこ〳〵,ニコニコ,にこにこ,ニコニコ,にこ〳〵,副詞,,,和,会話,シテ,418
50-虎寛1792_05005,11840,11850,I,と,ト,と,ト,と,助詞-格助詞,,,和,会話,シテ,418
50-虎寛1792_05005,11850,11880,I,笑らふ,ワラウ,笑う,ワロー,笑らふ,動詞-一般,文語四段-ハ行,連用形-ウ音便,和,会話,シテ,418
50-虎寛1792_05005,11880,11890,I,て,テ,て,テ,て,助詞-接続助詞,,,和,会話,シテ,418
50-虎寛1792_05005,11890,11910,I,ゐる,イル,居る,イル,ゐる,動詞-非自立可能,文語上一段-ワ行,終止形-一般,和,会話,シテ,418
50-虎寛1792_05005,11910,11920,I,。,,。,,。,補助記号-句点,,,記号,会話,シテ,418
50-虎寛1792_05005,11920,11930,B,扠,サテ,扠,サテ,扠,接続詞,,,和,会話,シテ,418
50-虎寛1792_05005,11930,11940,I,何,ナニ,何,ナニ,何,代名詞,,,和,会話,シテ,418
50-虎寛1792_05005,11940,11950,I,ぞ,ゾ,ぞ,ゾ,ぞ,助詞-係助詞,,,和,会話,シテ,418
50-虎寛1792_05005,11950,11960,I,芸,ゲイ,芸,ゲー,芸,名詞-普通名詞-一般,,,漢,会話,シテ,418
50-虎寛1792_05005,11960,11970,I,は,ハ,は,ワ,は,助詞-係助詞,,,和,会話,シテ,418
50-虎寛1792_05005,11970,11990,I,無い,ナイ,無い,ナイ,無い,形容詞-非自立可能,形容詞,連体形-一般,和,会話,シテ,418
50-虎寛1792_05005,11990,12000,I,か,カ,か,カ,か,助詞-終助詞,,,和,会話,シテ,418
50-虎寛1792_05005,12000,12010,I,。,,。,,。,補助記号-句点,,,記号,会話,シテ,418
50-虎寛1792_05005,12010,12040,B,はああ,ハア,はあ,ハー,ハアヽ,感動詞-一般,,,和,会話,シテ,418
50-虎寛1792_05005,12040,12050,I,、,,、,,、,補助記号-読点,,,記号,会話,シテ,418
50-虎寛1792_05005,12050,12060,I,何,ナニ,何,ナニ,何,代名詞,,,和,会話,シテ,418
50-虎寛1792_05005,12060,12080,I,やら,ヤラ,やら,ヤラ,やら,助詞-副助詞,,,和,会話,シテ,418
50-虎寛1792_05005,12080,12110,I,つぶり,ツブリ,つぶり,ツブリ,つぶり,名詞-普通名詞-一般,,,和,会話,シテ,418
50-虎寛1792_05005,12110,12120,I,を,ヲ,を,オ,を,助詞-格助詞,,,和,会話,シテ,418
50-虎寛1792_05005,12120,12140,I,ふる,ヘル,経る,フル,ふる,動詞-一般,文語下二段-ハ行,連体形-一般,和,会話,シテ,418
50-虎寛1792_05005,12140,12150,I,が,ガ,が,ガ,が,助詞-接続助詞,,,和,会話,シテ,418
50-虎寛1792_05005,12150,12160,I,、,,、,,、,補助記号-読点,,,記号,会話,シテ,418
50-虎寛1792_05005,12160,12180,I,あれ,アレ,彼れ,アレ,あれ,代名詞,,,和,会話,シテ,418
50-虎寛1792_05005,12180,12190,I,は,ハ,は,ワ,は,助詞-係助詞,,,和,会話,シテ,418
50-虎寛1792_05005,12190,12200,I,何,ナニ,何,ナニ,何,代名詞,,,和,会話,シテ,418
50-虎寛1792_05005,12200,12210,I,と,ト,と,ト,と,助詞-格助詞,,,和,会話,シテ,418
50-虎寛1792_05005,12210,12220,I,し,スル,為る,シ,し,動詞-非自立可能,文語サ行変格,連用形-一般,和,会話,シテ,418
50-虎寛1792_05005,12220,12230,I,た,タ,た,タ,た,助動詞,助動詞-タ,連体形-一般,和,会話,シテ,418
50-虎寛1792_05005,12230,12240,I,事,コト,事,コト,事,名詞-普通名詞-一般,,,和,会話,シテ,418
50-虎寛1792_05005,12240,12260,I,じや,ジャ,じゃ,ジャ,じや,助動詞,助動詞-ジャ,終止形-一般,和,会話,シテ,418
50-虎寛1792_05005,12260,12270,I,。,,。,,。,補助記号-句点,,,記号,会話,シテ,418
50-虎寛1792_05005,12270,12280,B,夫,ソレ,其れ,ソレ,夫,代名詞,,,和,会話,女,418
50-虎寛1792_05005,12280,12290,I,は,ハ,は,ワ,は,助詞-係助詞,,,和,会話,女,418
50-虎寛1792_05005,12290,12320,I,かぶり,カンムリ,冠,カブリ,かぶり,名詞-普通名詞-一般,,,和,会話,女,418
50-虎寛1792_05005,12320,12340,I,〳〵,,〳〵,,〳〵,補助記号-一般,,,記号,会話,女,418
50-虎寛1792_05005,12340,12350,I,と,ト,と,ト,と,助詞-格助詞,,,和,会話,女,418
50-虎寛1792_05005,12350,12360,I,申,モウス,申す,モース,申,動詞-非自立可能,文語四段-サ行,連体形-一般,和,会話,女,418
50-虎寛1792_05005,12360,12370,I,芸,ゲイ,芸,ゲー,芸,名詞-普通名詞-一般,,,漢,会話,女,418
50-虎寛1792_05005,12370,12380,I,で,ナリ,なり,デ,で,助動詞,文語助動詞-ナリ-断定,連用形-融合,和,会話,女,418
50-虎寛1792_05005,12380,12410,I,御座る,ゴザル,御座る,ゴザル,御座る,動詞-非自立可能,文語四段-ラ行,終止形-一般,混,会話,女,418
50-虎寛1792_05005,12410,12420,I,。,,。,,。,補助記号-句点,,,記号,会話,女,418
50-虎寛1792_05005,12420,12430,B,何,ナニ,何,ナン,何,代名詞,,,和,会話,シテ,418
50-虎寛1792_05005,12430,12450,I,じや,ジャ,じゃ,ジャ,じや,助動詞,助動詞-ジャ,終止形-一般,和,会話,シテ,418
50-虎寛1792_05005,12450,12460,I,、,,、,,、,補助記号-読点,,,記号,会話,シテ,418
50-虎寛1792_05005,12460,12490,I,かぶり,カンムリ,冠,カブリ,かぶり,名詞-普通名詞-一般,,,和,会話,シテ,418
50-虎寛1792_05005,12490,12510,I,〳〵,,〳〵,,〳〵,補助記号-一般,,,記号,会話,シテ,418
50-虎寛1792_05005,12510,12520,I,と,ト,と,ト,と,助詞-格助詞,,,和,会話,シテ,418
50-虎寛1792_05005,12520,12540,I,いふ,イウ,言う,イウ,いふ,動詞-一般,文語四段-ハ行,連体形-一般,和,会話,シテ,418
50-虎寛1792_05005,12540,12550,I,芸,ゲイ,芸,ゲー,芸,名詞-普通名詞-一般,,,漢,会話,シテ,418
50-虎寛1792_05005,12550,12570,I,じや,ジャ,じゃ,ジャ,じや,助動詞,助動詞-ジャ,終止形-一般,和,会話,シテ,418
50-虎寛1792_05005,12570,12580,I,。,,。,,。,補助記号-句点,,,記号,会話,シテ,418
50-虎寛1792_05005,12580,12610,B,中〳〵,ナカナカ,中々,ナカナカ,中〳〵,副詞,,,和,会話,女,418
50-虎寛1792_05005,12610,12620,I,。,,。,,。,補助記号-句点,,,記号,会話,女,418
50-虎寛1792_05005,12620,12640,B,さあ,サア,さあ,サー,さあ,感動詞-一般,,,和,会話,シテ,418
50-虎寛1792_05005,12640,12660,I,〳〵,,〳〵,,〳〵,補助記号-一般,,,記号,会話,シテ,418
50-虎寛1792_05005,12660,12670,I,、,,、,,、,補助記号-読点,,,記号,会話,シテ,418
50-虎寛1792_05005,12670,12680,I,其,ソノ,其の,ソノ,其,連体詞,,,和,会話,シテ,418
50-虎寛1792_05005,12680,12710,I,かぶり,カンムリ,冠,カブリ,かぶり,名詞-普通名詞-一般,,,和,会話,シテ,418
50-虎寛1792_05005,12710,12730,I,〳〵,,〳〵,,〳〵,補助記号-一般,,,記号,会話,シテ,418
50-虎寛1792_05005,12730,12740,I,が,ガ,が,ガ,が,助詞-格助詞,,,和,会話,シテ,418
50-虎寛1792_05005,12740,12750,I,見,ミル,見る,ミ,見,動詞-非自立可能,文語上一段-マ行,連用形-一般,和,会話,シテ,418
50-虎寛1792_05005,12750,12770,I,たい,タイ,たい,タイ,たい,助動詞,助動詞-タイ,終止形-一般,和,会話,シテ,418
50-虎寛1792_05005,12770,12780,I,。,,。,,。,補助記号-句点,,,記号,会話,シテ,418
50-虎寛1792_05005,12780,12800,B,をを,オオ,おお,オー,をゝ,感動詞-一般,,,和,会話,シテ,418
50-虎寛1792_05005,12800,12810,I,、,,、,,、,補助記号-読点,,,記号,会話,シテ,418
50-虎寛1792_05005,12810,12840,I,かぶり,カンムリ,冠,カブリ,かぶり,名詞-普通名詞-一般,,,和,会話,シテ,418
50-虎寛1792_05005,12840,12860,I,〳〵,,〳〵,,〳〵,補助記号-一般,,,記号,会話,シテ,418
50-虎寛1792_05005,12860,12880,I,〳〵,,〳〵,,〳〵,補助記号-一般,,,記号,会話,シテ,418
50-虎寛1792_05005,12880,12890,I,。,,。,,。,補助記号-句点,,,記号,会話,シテ,418
50-虎寛1792_05005,12890,12920,B,笑らふ,ワラウ,笑う,ワロー,笑らふ,動詞-一般,文語四段-ハ行,連用形-ウ音便,和,割書き,,418
50-虎寛1792_05005,12920,12930,I,て,テ,て,テ,て,助詞-接続助詞,,,和,割書き,,418
50-虎寛1792_05005,12930,12940,I,、,,、,,、,補助記号-読点,,,記号,割書き,,418
50-虎寛1792_05005,12940,12960,B,もう,モウ,もう,モー,もう,副詞,,,和,会話,シテ,418
50-虎寛1792_05005,12960,12980,I,ない,ナイ,無い,ナイ,ない,形容詞-非自立可能,形容詞,連体形-一般,和,会話,シテ,418
50-虎寛1792_05005,12980,12990,I,か,カ,か,カ,か,助詞-終助詞,,,和,会話,シテ,418
50-虎寛1792_05005,12990,13000,I,。,,。,,。,補助記号-句点,,,記号,会話,シテ,418
50-虎寛1792_05005,13000,13020,B,はあ,ハア,はあ,ハー,ハア,感動詞-一般,,,和,会話,シテ,418
50-虎寛1792_05005,13020,13030,I,、,,、,,、,補助記号-読点,,,記号,会話,シテ,418
50-虎寛1792_05005,13030,13050,I,今度,コンド,今度,コンド,今度,名詞-普通名詞-副詞可能,,,漢,会話,シテ,418
50-虎寛1792_05005,13050,13060,I,は,ハ,は,ワ,は,助詞-係助詞,,,和,会話,シテ,418
50-虎寛1792_05005,13060,13070,I,手,テ,手,テ,手,名詞-普通名詞-助数詞可能,,,和,会話,シテ,418
50-虎寛1792_05005,13070,13080,I,を,ヲ,を,オ,を,助詞-格助詞,,,和,会話,シテ,418
50-虎寛1792_05005,13080,13090,I,打,ウツ,打つ,ウツ,打,動詞-一般,文語四段-タ行,連体形-一般,和,会話,シテ,418
50-虎寛1792_05005,13090,13110,I,やう,ヨウ,様,ヨー,やう,形状詞-助動詞語幹,,,漢,会話,シテ,418
50-虎寛1792_05005,13110,13120,I,な,ナリ,なり,ナ,な,助動詞,文語助動詞-ナリ-断定,連体形-一般,和,会話,シテ,419
50-虎寛1792_05005,13120,13130,I,事,コト,事,コト,事,名詞-普通名詞-一般,,,和,会話,シテ,419
50-虎寛1792_05005,13130,13140,I,を,ヲ,を,オ,を,助詞-格助詞,,,和,会話,シテ,419
50-虎寛1792_05005,13140,13160,I,する,スル,為る,スル,する,動詞-非自立可能,文語サ行変格,連体形-一般,和,会話,シテ,419
50-虎寛1792_05005,13160,13170,I,が,ガ,が,ガ,が,助詞-接続助詞,,,和,会話,シテ,419
50-虎寛1792_05005,13170,13180,I,、,,、,,、,補助記号-読点,,,記号,会話,シテ,419
50-虎寛1792_05005,13180,13200,I,あれ,アレ,彼れ,アレ,あれ,代名詞,,,和,会話,シテ,419
50-虎寛1792_05005,13200,13210,I,も,モ,も,モ,も,助詞-係助詞,,,和,会話,シテ,419
50-虎寛1792_05005,13210,13220,I,芸,ゲイ,芸,ゲー,芸,名詞-普通名詞-一般,,,漢,会話,シテ,419
50-虎寛1792_05005,13220,13230,I,か,カ,か,カ,か,助詞-終助詞,,,和,会話,シテ,419
50-虎寛1792_05005,13230,13240,I,。,,。,,。,補助記号-句点,,,記号,会話,シテ,419
50-虎寛1792_05005,13240,13250,B,夫,ソレ,其れ,ソレ,夫,代名詞,,,和,会話,女,419
50-虎寛1792_05005,13250,13260,I,は,ハ,は,ワ,は,助詞-係助詞,,,和,会話,女,419
50-虎寛1792_05005,13260,13310,I,てうち〳〵,チョウチチョウチ,手打ち手打ち,チョーチチョウチ,てうち〳〵,名詞-普通名詞-一般,,,和,会話,女,419
50-虎寛1792_05005,13310,13320,I,と,ト,と,ト,と,助詞-格助詞,,,和,会話,女,419
50-虎寛1792_05005,13320,13330,I,申,モウス,申す,モース,申,動詞-非自立可能,文語四段-サ行,連体形-一般,和,会話,女,419
50-虎寛1792_05005,13330,13340,I,事,コト,事,コト,事,名詞-普通名詞-一般,,,和,会話,女,419
50-虎寛1792_05005,13340,13350,I,で,ナリ,なり,デ,で,助動詞,文語助動詞-ナリ-断定,連用形-融合,和,会話,女,419
50-虎寛1792_05005,13350,13380,I,御ざる,ゴザル,御座る,ゴザル,御ざる,動詞-非自立可能,文語四段-ラ行,終止形-一般,混,会話,女,419
50-虎寛1792_05005,13380,13390,I,。,,。,,。,補助記号-句点,,,記号,会話,女,419
50-虎寛1792_05005,13390,13400,B,何,ナニ,何,ナン,何,代名詞,,,和,会話,シテ,419
50-虎寛1792_05005,13400,13420,I,じや,ジャ,じゃ,ジャ,じや,助動詞,助動詞-ジャ,終止形-一般,和,会話,シテ,419
50-虎寛1792_05005,13420,13430,I,、,,、,,、,補助記号-読点,,,記号,会話,シテ,419
50-虎寛1792_05005,13430,13480,I,てうち〳〵,チョウチチョウチ,手打ち手打ち,チョーチチョウチ,てうち〳〵,名詞-普通名詞-一般,,,和,会話,シテ,419
50-虎寛1792_05005,13480,13500,I,じや,ジャ,じゃ,ジャ,じや,助動詞,助動詞-ジャ,終止形-一般,和,会話,シテ,419
50-虎寛1792_05005,13500,13510,I,。,,。,,。,補助記号-句点,,,記号,会話,シテ,419
50-虎寛1792_05005,13510,13540,B,中〳〵,ナカナカ,中々,ナカナカ,中〳〵,副詞,,,和,会話,女,419
50-虎寛1792_05005,13540,13550,I,。,,。,,。,補助記号-句点,,,記号,会話,女,419
50-虎寛1792_05005,13550,13560,B,其,ソノ,其の,ソノ,其,連体詞,,,和,会話,シテ,419
50-虎寛1792_05005,13560,13610,I,てうち〳〵,チョウチチョウチ,手打ち手打ち,チョーチチョウチ,てうち〳〵,名詞-普通名詞-一般,,,和,会話,シテ,419
50-虎寛1792_05005,13610,13620,I,を,ヲ,を,オ,を,助詞-格助詞,,,和,会話,シテ,419
50-虎寛1792_05005,13620,13630,I,見,ミル,見る,ミ,見,動詞-非自立可能,文語上一段-マ行,連用形-一般,和,会話,シテ,419
50-虎寛1792_05005,13630,13650,I,たい,タイ,たい,タイ,たい,助動詞,助動詞-タイ,終止形-一般,和,会話,シテ,419
50-虎寛1792_05005,13650,13660,I,。,,。,,。,補助記号-句点,,,記号,会話,シテ,419
50-虎寛1792_05005,13660,13680,B,をを,オオ,おお,オー,をゝ,感動詞-一般,,,和,会話,シテ,419
50-虎寛1792_05005,13680,13690,I,、,,、,,、,補助記号-読点,,,記号,会話,シテ,419
50-虎寛1792_05005,13690,13740,I,てうち〳〵,チョウチチョウチ,手打ち手打ち,チョーチチョウチ,てうち〳〵,名詞-普通名詞-一般,,,和,会話,シテ,419
50-虎寛1792_05005,13740,13760,I,〳〵,,〳〵,,〳〵,補助記号-一般,,,記号,会話,シテ,419
50-虎寛1792_05005,13760,13780,I,〳〵,,〳〵,,〳〵,補助記号-一般,,,記号,会話,シテ,419
50-虎寛1792_05005,13780,13790,I,。,,。,,。,補助記号-句点,,,記号,会話,シテ,419
50-虎寛1792_05005,13790,13820,B,笑らふ,ワラウ,笑う,ワロー,笑らふ,動詞-一般,文語四段-ハ行,連用形-ウ音便,和,割書き,,419
50-虎寛1792_05005,13820,13830,I,て,テ,て,テ,て,助詞-接続助詞,,,和,割書き,,419
50-虎寛1792_05005,13830,13840,I,、,,、,,、,補助記号-読点,,,記号,割書き,,419
50-虎寛1792_05005,13840,13860,B,扠々,サテサテ,さてさて,サテサテ,扠々,接続詞,,,和,会話,シテ,419
50-虎寛1792_05005,13860,13900,I,愛らしい,アイラシイ,愛らしい,アイラシー,愛らしい,形容詞-一般,形容詞,連体形-一般,混,会話,シテ,419
50-虎寛1792_05005,13900,13910,I,子,コ,子,コ,子,名詞-普通名詞-一般,,,和,会話,シテ,419
50-虎寛1792_05005,13910,13930,I,かな,カナ,哉,カナ,かな,助詞-終助詞,,,和,会話,シテ,419
50-虎寛1792_05005,13930,13940,I,。,,。,,。,補助記号-句点,,,記号,会話,シテ,419
50-虎寛1792_05005,13940,13960,B,一口,ヒトクチ,一口,ヒトクチ,一口,名詞-普通名詞-一般,,,和,会話,シテ,419
50-虎寛1792_05005,13960,13970,I,に,ニ,に,ニ,に,助詞-格助詞,,,和,会話,シテ,419
50-虎寛1792_05005,13970,13990,I,喰ふ,クウ,食う,クー,喰ふ,動詞-一般,文語四段-ハ行,連用形-ウ音便,和,会話,シテ,419
50-虎寛1792_05005,13990,14000,I,て,テ,て,テ,て,助詞-接続助詞,,,和,会話,シテ,419
50-虎寛1792_05005,14000,14030,I,仕廻い,シマウ,仕舞う,シマイ,仕廻い,動詞-非自立可能,五段-ワア行,連用形-一般,和,会話,シテ,419
50-虎寛1792_05005,14030,14050,I,たい,タイ,たい,タイ,たい,助動詞,助動詞-タイ,終止形-一般,和,会話,シテ,419
50-虎寛1792_05005,14050,14060,I,。,,。,,。,補助記号-句点,,,記号,会話,シテ,419
50-虎寛1792_05005,14060,14080,B,ああ,アア,ああ,アー,あゝ,感動詞-一般,,,和,会話,女,419
50-虎寛1792_05005,14080,14110,I,かなし,カナシイ,悲しい,カナシ,かなし,形容詞-一般,形容詞,語幹-一般,和,会話,女,419
50-虎寛1792_05005,14110,14120,I,や,ヤ,や,ヤ,や,助詞-終助詞,,,和,会話,女,419
50-虎寛1792_05005,14120,14130,I,。,,。,,。,補助記号-句点,,,記号,会話,女,419
50-虎寛1792_05005,14130,14140,B,其,ソノ,其の,ソノ,其,連体詞,,,和,会話,女,419
50-虎寛1792_05005,14140,14150,I,子,コ,子,コ,子,名詞-普通名詞-一般,,,和,会話,女,419
50-虎寛1792_05005,14150,14160,I,故,ユエ,故,ユエ,故,名詞-普通名詞-副詞可能,,,和,会話,女,419
50-虎寛1792_05005,14160,14170,I,に,ニ,に,ニ,に,助詞-格助詞,,,和,会話,女,419
50-虎寛1792_05005,14170,14190,I,こそ,コソ,こそ,コソ,こそ,助詞-係助詞,,,和,会話,女,419
50-虎寛1792_05005,14190,14220,I,こなた,コナタ,此方,コナタ,こなた,代名詞,,,和,会話,女,419
50-虎寛1792_05005,14220,14230,I,の,ノ,の,ノ,の,助詞-格助詞,,,和,会話,女,419
50-虎寛1792_05005,14230,14240,I,妻,ツマ,妻,ツマ,妻,名詞-普通名詞-一般,,,和,会話,女,419
50-虎寛1792_05005,14240,14250,I,に,ニ,に,ニ,に,助詞-格助詞,,,和,会話,女,419
50-虎寛1792_05005,14250,14260,I,も,モ,も,モ,も,助詞-係助詞,,,和,会話,女,419
50-虎寛1792_05005,14260,14280,I,成り,ナル,成る,ナリ,成り,動詞-非自立可能,文語四段-ラ行,連用形-一般,和,会話,女,419
50-虎寛1792_05005,14280,14310,I,ますれ,マス,ます,マスレ,ますれ,助動詞,助動詞-マス,仮定形-一般,和,会話,女,419
50-虎寛1792_05005,14310,14320,I,。,,。,,。,補助記号-句点,,,記号,会話,女,419
50-虎寛1792_05005,14320,14330,B,其,ソノ,其の,ソノ,其,連体詞,,,和,会話,女,419
50-虎寛1792_05005,14330,14340,I,様,ヨウ,様,ヨー,様,形状詞-助動詞語幹,,,漢,会話,女,419
50-虎寛1792_05005,14340,14350,I,な,ナリ,なり,ナ,な,助動詞,文語助動詞-ナリ-断定,連体形-一般,和,会話,女,419
50-虎寛1792_05005,14350,14360,I,事,コト,事,コト,事,名詞-普通名詞-一般,,,和,会話,女,419
50-虎寛1792_05005,14360,14370,I,を,ヲ,を,オ,を,助詞-格助詞,,,和,会話,女,419
50-虎寛1792_05005,14370,14410,I,被成るる,ナサレル,為される,ナサルル,被成るゝ,動詞-非自立可能,文語下二段-ラ行,連体形-一般,和,会話,女,419
50-虎寛1792_05005,14410,14430,I,なら,ナリ,なり,ナラ,なら,助動詞,文語助動詞-ナリ-断定,未然形-一般,和,会話,女,419
50-虎寛1792_05005,14430,14440,I,ば,バ,ば,バ,ば,助詞-接続助詞,,,和,会話,女,419
50-虎寛1792_05005,14440,14450,I,、,,、,,、,補助記号-読点,,,記号,会話,女,419
50-虎寛1792_05005,14450,14480,I,もはや,モハヤ,最早,モハヤ,もはや,副詞,,,和,会話,女,419
50-虎寛1792_05005,14480,14500,I,蓬莱,ホウライ,蓬莱,ホーライ,蓬莱,名詞-普通名詞-一般,,,漢,会話,女,419
50-虎寛1792_05005,14500,14510,I,の,ノ,の,ノ,の,助詞-格助詞,,,和,会話,女,419
50-虎寛1792_05005,14510,14520,I,島,シマ,島,シマ,島,名詞-普通名詞-一般,,,和,会話,女,419
50-虎寛1792_05005,14520,14530,I,へ,ヘ,へ,エ,へ,助詞-格助詞,,,和,会話,女,419
50-虎寛1792_05005,14530,14550,I,参り,マイル,参る,マイリ,参り,動詞-非自立可能,文語四段-ラ行,連用形-一般,和,会話,女,419
50-虎寛1792_05005,14550,14570,I,ます,マス,ます,マス,ます,助動詞,助動詞-マス,終止形-一般,和,会話,女,419
50-虎寛1792_05005,14570,14590,I,まい,マイ,まい,マイ,まい,助動詞,助動詞-マイ,終止形-一般,和,会話,女,419
50-虎寛1792_05005,14590,14600,I,。,,。,,。,補助記号-句点,,,記号,会話,女,419
50-虎寛1792_05005,14600,14610,B,是,コレ,此れ,コレ,是,代名詞,,,和,会話,シテ,419
50-虎寛1792_05005,14610,14620,I,は,ハ,は,ワ,は,助詞-係助詞,,,和,会話,シテ,419
50-虎寛1792_05005,14620,14650,I,ざれ事,ザレゴト,戯言,ザレコト,ざれ事,名詞-普通名詞-一般,,,和,会話,シテ,419
50-虎寛1792_05005,14650,14660,I,。,,。,,。,補助記号-句点,,,記号,会話,シテ,419
50-虎寛1792_05005,14660,14680,B,身共,ミドモ,身共,ミドモ,身共,代名詞,,,和,会話,シテ,419
50-虎寛1792_05005,14680,14690,I,が,ガ,が,ガ,が,助詞-格助詞,,,和,会話,シテ,419
50-虎寛1792_05005,14690,14700,I,為,タメ,為,タメ,為,名詞-普通名詞-副詞可能,,,和,会話,シテ,419
50-虎寛1792_05005,14700,14710,I,に,ニ,に,ニ,に,助詞-格助詞,,,和,会話,シテ,419
50-虎寛1792_05005,14710,14720,I,も,モ,も,モ,も,助詞-係助詞,,,和,会話,シテ,419
50-虎寛1792_05005,14720,14750,I,まま子,ママコ,継子,ママコ,まゝ子,名詞-普通名詞-一般,,,和,会話,シテ,419
50-虎寛1792_05005,14750,14770,I,じや,ジャ,じゃ,ジャ,じや,助動詞,助動詞-ジャ,連体形-一般,和,会話,シテ,419
50-虎寛1792_05005,14770,14780,I,物,モノ,物,モノ,物,名詞-普通名詞-サ変可能,,,和,会話,シテ,419
50-虎寛1792_05005,14780,14790,I,を,ヲ,を,オ,を,助詞-接続助詞,,,和,会話,シテ,419
50-虎寛1792_05005,14790,14800,I,、,,、,,、,補助記号-読点,,,記号,会話,シテ,419
50-虎寛1792_05005,14800,14810,I,何,ナニ,何,ナニ,何,代名詞,,,和,会話,シテ,419
50-虎寛1792_05005,14810,14820,I,と,ト,と,ト,と,助詞-格助詞,,,和,会話,シテ,419
50-虎寛1792_05005,14820,14830,I,し,スル,為る,シ,し,動詞-非自立可能,文語サ行変格,連用形-一般,和,会話,シテ,419
50-虎寛1792_05005,14830,14840,I,て,テ,て,テ,て,助詞-接続助詞,,,和,会話,シテ,419
50-虎寛1792_05005,14840,14860,I,喰ふ,クウ,食う,クウ,喰ふ,動詞-一般,文語四段-ハ行,連体形-一般,和,会話,シテ,419
50-虎寛1792_05005,14860,14870,I,物,モノ,物,モノ,物,名詞-普通名詞-サ変可能,,,和,会話,シテ,419
50-虎寛1792_05005,14870,14890,I,じや,ジャ,じゃ,ジャ,じや,助動詞,助動詞-ジャ,終止形-一般,和,会話,シテ,419
50-虎寛1792_05005,14890,14900,I,。,,。,,。,補助記号-句点,,,記号,会話,シテ,419
50-虎寛1792_05005,14900,14910,B,扠,サテ,扠,サテ,扠,接続詞,,,和,会話,シテ,419
50-虎寛1792_05005,14910,14940,I,もはや,モハヤ,最早,モハヤ,もはや,副詞,,,和,会話,シテ,419
50-虎寛1792_05005,14940,14950,I,芸,ゲイ,芸,ゲー,芸,名詞-普通名詞-一般,,,漢,会話,シテ,419
50-虎寛1792_05005,14950,14960,I,は,ハ,は,ワ,は,助詞-係助詞,,,和,会話,シテ,419
50-虎寛1792_05005,14960,14980,I,無い,ナイ,無い,ナイ,無い,形容詞-非自立可能,形容詞,連体形-一般,和,会話,シテ,419
50-虎寛1792_05005,14980,14990,I,か,カ,か,カ,か,助詞-終助詞,,,和,会話,シテ,419
50-虎寛1792_05005,14990,15000,I,。,,。,,。,補助記号-句点,,,記号,会話,シテ,419
50-虎寛1792_05005,15000,15020,B,はあ,ハア,はあ,ハー,ハア,感動詞-一般,,,和,会話,シテ,419
50-虎寛1792_05005,15020,15030,I,、,,、,,、,補助記号-読点,,,記号,会話,シテ,419
50-虎寛1792_05005,15030,15050,I,今度,コンド,今度,コンド,今度,名詞-普通名詞-副詞可能,,,漢,会話,シテ,419
50-虎寛1792_05005,15050,15060,I,は,ハ,は,ワ,は,助詞-係助詞,,,和,会話,シテ,419
50-虎寛1792_05005,15060,15100,I,うなづく,ウナズク,頷く,ウナズク,うなづく,動詞-一般,文語四段-カ行,連体形-一般,和,会話,シテ,419
50-虎寛1792_05005,15100,15110,I,が,ガ,が,ガ,が,助詞-接続助詞,,,和,会話,シテ,419
50-虎寛1792_05005,15110,15120,I,、,,、,,、,補助記号-読点,,,記号,会話,シテ,419
50-虎寛1792_05005,15120,15140,I,あれ,アレ,彼れ,アレ,あれ,代名詞,,,和,会話,シテ,419
50-虎寛1792_05005,15140,15150,I,は,ハ,は,ワ,は,助詞-係助詞,,,和,会話,シテ,419
50-虎寛1792_05005,15150,15160,I,何,ナニ,何,ナニ,何,代名詞,,,和,会話,シテ,419
50-虎寛1792_05005,15160,15170,I,と,ト,と,ト,と,助詞-格助詞,,,和,会話,シテ,419
50-虎寛1792_05005,15170,15190,I,いふ,イウ,言う,イウ,いふ,動詞-一般,文語四段-ハ行,連体形-一般,和,会話,シテ,419
50-虎寛1792_05005,15190,15200,I,事,コト,事,コト,事,名詞-普通名詞-一般,,,和,会話,シテ,419
50-虎寛1792_05005,15200,15210,I,で,ナリ,なり,デ,で,助動詞,文語助動詞-ナリ-断定,連用形-融合,和,会話,シテ,419
50-虎寛1792_05005,15210,15250,I,おりやる,オリャル,おりゃる,オリャル,おりやる,動詞-一般,文語四段-ラ行,終止形-一般,和,会話,シテ,419
50-虎寛1792_05005,15250,15260,I,。,,。,,。,補助記号-句点,,,記号,会話,シテ,419
50-虎寛1792_05005,15260,15270,B,夫,ソレ,其れ,ソレ,夫,代名詞,,,和,会話,女,419
50-虎寛1792_05005,15270,15280,I,は,ハ,は,ワ,は,助詞-係助詞,,,和,会話,女,419
50-虎寛1792_05005,15280,15310,I,がてん,ガッテン,合点,ガテン,がてん,名詞-普通名詞-サ変可能,,,漢,会話,女,419
50-虎寛1792_05005,15310,15330,I,〳〵,,〳〵,,〳〵,補助記号-一般,,,記号,会話,女,419
50-虎寛1792_05005,15330,15340,I,と,ト,と,ト,と,助詞-格助詞,,,和,会話,女,419
50-虎寛1792_05005,15340,15350,I,申,モウス,申す,モース,申,動詞-非自立可能,文語四段-サ行,連体形-一般,和,会話,女,419
50-虎寛1792_05005,15350,15360,I,事,コト,事,コト,事,名詞-普通名詞-一般,,,和,会話,女,419
50-虎寛1792_05005,15360,15370,I,で,ナリ,なり,デ,で,助動詞,文語助動詞-ナリ-断定,連用形-融合,和,会話,女,419
50-虎寛1792_05005,15370,15400,I,御座る,ゴザル,御座る,ゴザル,御座る,動詞-非自立可能,文語四段-ラ行,終止形-一般,混,会話,女,419
50-虎寛1792_05005,15400,15410,I,。,,。,,。,補助記号-句点,,,記号,会話,女,419
50-虎寛1792_05005,15410,15430,B,をを,オオ,おお,オー,をゝ,感動詞-一般,,,和,会話,シテ,419
50-虎寛1792_05005,15430,15440,I,、,,、,,、,補助記号-読点,,,記号,会話,シテ,419
50-虎寛1792_05005,15440,15460,I,合点,ガッテン,合点,ガテン,合点,名詞-普通名詞-サ変可能,,,漢,会話,シテ,419
50-虎寛1792_05005,15460,15480,I,〳〵,,〳〵,,〳〵,補助記号-一般,,,記号,会話,シテ,419
50-虎寛1792_05005,15480,15500,I,〳〵,,〳〵,,〳〵,補助記号-一般,,,記号,会話,シテ,419
50-虎寛1792_05005,15500,15510,I,。,,。,,。,補助記号-句点,,,記号,会話,シテ,419
50-虎寛1792_05005,15510,15540,B,笑らふ,ワラウ,笑う,ワロー,笑らふ,動詞-一般,文語四段-ハ行,連用形-ウ音便,和,割書き,,419
50-虎寛1792_05005,15540,15550,I,て,テ,て,テ,て,助詞-接続助詞,,,和,割書き,,419
50-虎寛1792_05005,15550,15560,I,、,,、,,、,補助記号-読点,,,記号,割書き,,419
50-虎寛1792_05005,15560,15580,B,もう,モウ,もう,モー,もう,副詞,,,和,会話,シテ,419
50-虎寛1792_05005,15580,15600,I,ない,ナイ,無い,ナイ,ない,形容詞-非自立可能,形容詞,連体形-一般,和,会話,シテ,419
50-虎寛1792_05005,15600,15610,I,か,カ,か,カ,か,助詞-終助詞,,,和,会話,シテ,419
50-虎寛1792_05005,15610,15620,I,。,,。,,。,補助記号-句点,,,記号,会話,シテ,419
50-虎寛1792_05005,15620,15640,B,ああ,アア,ああ,アー,アヽ,感動詞-一般,,,和,会話,シテ,419
50-虎寛1792_05005,15640,15650,I,、,,、,,、,補助記号-読点,,,記号,会話,シテ,419
50-虎寛1792_05005,15650,15670,I,今度,コンド,今度,コンド,今度,名詞-普通名詞-副詞可能,,,漢,会話,シテ,419
50-虎寛1792_05005,15670,15680,I,は,ハ,は,ワ,は,助詞-係助詞,,,和,会話,シテ,419
50-虎寛1792_05005,15680,15690,I,手,テ,手,テ,手,名詞-普通名詞-助数詞可能,,,和,会話,シテ,419
50-虎寛1792_05005,15690,15700,I,を,ヲ,を,オ,を,助詞-格助詞,,,和,会話,シテ,419
50-虎寛1792_05005,15700,15730,I,にぎる,ニギル,握る,ニギル,にぎる,動詞-一般,文語四段-ラ行,連体形-一般,和,会話,シテ,419
50-虎寛1792_05005,15730,15740,I,様,ヨウ,様,ヨー,様,形状詞-助動詞語幹,,,漢,会話,シテ,419
50-虎寛1792_05005,15740,15750,I,な,ナリ,なり,ナ,な,助動詞,文語助動詞-ナリ-断定,連体形-一般,和,会話,シテ,419
50-虎寛1792_05005,15750,15760,I,事,コト,事,コト,事,名詞-普通名詞-一般,,,和,会話,シテ,419
50-虎寛1792_05005,15760,15770,I,を,ヲ,を,オ,を,助詞-格助詞,,,和,会話,シテ,419
50-虎寛1792_05005,15770,15790,I,する,スル,為る,スル,する,動詞-非自立可能,文語サ行変格,連体形-一般,和,会話,シテ,419
50-虎寛1792_05005,15790,15800,I,が,ガ,が,ガ,が,助詞-接続助詞,,,和,会話,シテ,419
50-虎寛1792_05005,15800,15810,I,、,,、,,、,補助記号-読点,,,記号,会話,シテ,419
50-虎寛1792_05005,15810,15820,I,是,コレ,此れ,コレ,是,代名詞,,,和,会話,シテ,419
50-虎寛1792_05005,15820,15830,I,も,モ,も,モ,も,助詞-係助詞,,,和,会話,シテ,419
50-虎寛1792_05005,15830,15840,I,芸,ゲイ,芸,ゲー,芸,名詞-普通名詞-一般,,,漢,会話,シテ,419
50-虎寛1792_05005,15840,15850,I,か,カ,か,カ,か,助詞-終助詞,,,和,会話,シテ,419
50-虎寛1792_05005,15850,15860,I,。,,。,,。,補助記号-句点,,,記号,会話,シテ,419
50-虎寛1792_05005,15860,15870,B,夫,ソレ,其れ,ソレ,夫,代名詞,,,和,会話,女,419
50-虎寛1792_05005,15870,15880,I,は,ハ,は,ワ,は,助詞-係助詞,,,和,会話,女,419
50-虎寛1792_05005,15880,15920,I,にぎ〳〵,ニギニギ,賑々,ニギニギ,にぎ〳〵,副詞,,,和,会話,女,419
50-虎寛1792_05005,15920,15930,I,と,ト,と,ト,と,助詞-格助詞,,,和,会話,女,419
50-虎寛1792_05005,15930,15940,I,申,モウス,申す,モース,申,動詞-非自立可能,文語四段-サ行,連体形-一般,和,会話,女,419
50-虎寛1792_05005,15940,15950,I,芸,ゲイ,芸,ゲー,芸,名詞-普通名詞-一般,,,漢,会話,女,419
50-虎寛1792_05005,15950,15960,I,で,ナリ,なり,デ,で,助動詞,文語助動詞-ナリ-断定,連用形-融合,和,会話,女,419
50-虎寛1792_05005,15960,15990,I,御座る,ゴザル,御座る,ゴザル,御座る,動詞-非自立可能,文語四段-ラ行,終止形-一般,混,会話,女,419
50-虎寛1792_05005,15990,16000,I,。,,。,,。,補助記号-句点,,,記号,会話,女,419
50-虎寛1792_05005,16000,16020,B,をを,オオ,おお,オー,をゝ,感動詞-一般,,,和,会話,シテ,419
50-虎寛1792_05005,16020,16030,I,、,,、,,、,補助記号-読点,,,記号,会話,シテ,419
50-虎寛1792_05005,16030,16070,I,にぎ〳〵,ニギニギ,賑々,ニギニギ,にぎ〳〵,副詞,,,和,会話,シテ,419
50-虎寛1792_05005,16070,16090,I,〳〵,,〳〵,,〳〵,補助記号-一般,,,記号,会話,シテ,419
50-虎寛1792_05005,16090,16100,I,。,,。,,。,補助記号-句点,,,記号,会話,シテ,419
50-虎寛1792_05005,16100,16130,B,笑らふ,ワラウ,笑う,ワロー,笑らふ,動詞-一般,文語四段-ハ行,連用形-ウ音便,和,割書き,,419
50-虎寛1792_05005,16130,16140,I,て,テ,て,テ,て,助詞-接続助詞,,,和,割書き,,419
50-虎寛1792_05005,16140,16150,I,、,,、,,、,補助記号-読点,,,記号,割書き,,419
50-虎寛1792_05005,16150,16160,B,扠,サテ,扠,サテ,扠,接続詞,,,和,会話,シテ,419
50-虎寛1792_05005,16160,16170,I,も,モ,も,モ,も,助詞-係助詞,,,和,会話,シテ,419
50-虎寛1792_05005,16170,16190,I,〳〵,,〳〵,,〳〵,補助記号-一般,,,記号,会話,シテ,419
50-虎寛1792_05005,16190,16200,I,、,,、,,、,補助記号-読点,,,記号,会話,シテ,419
50-虎寛1792_05005,16200,16220,I,そち,ソチ,其方,ソチ,そち,代名詞,,,和,会話,シテ,419
50-虎寛1792_05005,16220,16230,I,は,ハ,は,ワ,は,助詞-係助詞,,,和,会話,シテ,419
50-虎寛1792_05005,16230,16260,I,殊の外,コトノホカ,殊の外,コトノホカ,殊の外,副詞,,,和,会話,シテ,419
50-虎寛1792_05005,16260,16270,I,の,ノ,の,ノ,の,助詞-格助詞,,,和,会話,シテ,419
50-虎寛1792_05005,16270,16290,I,芸者,ゲイシャ,芸者,ゲーシャ,芸者,名詞-普通名詞-一般,,,漢,会話,シテ,419
50-虎寛1792_05005,16290,16310,I,じや,ジャ,じゃ,ジャ,じや,助動詞,助動詞-ジャ,終止形-一般,和,会話,シテ,419
50-虎寛1792_05005,16310,16320,I,。,,。,,。,補助記号-句点,,,記号,会話,シテ,419
50-虎寛1792_05005,16320,16330,B,今,イマ,今,イマ,今,名詞-普通名詞-副詞可能,,,和,会話,シテ,419
50-虎寛1792_05005,16330,16340,I,一,イチ,一,イチ,一,名詞-数詞,,,漢,会話,シテ,419
50-虎寛1792_05005,16340,16350,I,度,ド,度,ド,度,名詞-普通名詞-助数詞可能,,,漢,会話,シテ,419
50-虎寛1792_05005,16350,16360,I,か,カ,か,カ,か,助詞-副助詞,,,和,会話,シテ,419
50-虎寛1792_05005,16360,16400,I,ぶり〳〵,ブリブリ,振振,ブリブリ,ぶり〳〵,名詞-普通名詞-一般,,,和,会話,シテ,419
50-虎寛1792_05005,16400,16410,I,が,ガ,が,ガ,が,助詞-格助詞,,,和,会話,シテ,419
50-虎寛1792_05005,16410,16420,I,見,ミル,見る,ミ,見,動詞-非自立可能,文語上一段-マ行,連用形-一般,和,会話,シテ,419
50-虎寛1792_05005,16420,16440,I,たい,タイ,たい,タイ,たい,助動詞,助動詞-タイ,終止形-一般,和,会話,シテ,419
50-虎寛1792_05005,16440,16450,I,。,,。,,。,補助記号-句点,,,記号,会話,シテ,419
50-虎寛1792_05005,16450,16470,B,をを,オオ,おお,オー,をゝ,感動詞-一般,,,和,会話,シテ,419
50-虎寛1792_05005,16470,16480,I,、,,、,,、,補助記号-読点,,,記号,会話,シテ,419
50-虎寛1792_05005,16480,16510,I,かぶり,カンムリ,冠,カブリ,かぶり,名詞-普通名詞-一般,,,和,会話,シテ,419
50-虎寛1792_05005,16510,16530,I,〳〵,,〳〵,,〳〵,補助記号-一般,,,記号,会話,シテ,419
50-虎寛1792_05005,16530,16550,I,〳〵,,〳〵,,〳〵,補助記号-一般,,,記号,会話,シテ,419
50-虎寛1792_05005,16550,16560,I,。,,。,,。,補助記号-句点,,,記号,会話,シテ,419
50-虎寛1792_05005,16560,16590,B,笑らふ,ワラウ,笑う,ワロー,笑らふ,動詞-一般,文語四段-ハ行,連用形-ウ音便,和,割書き,,419
50-虎寛1792_05005,16590,16600,I,て,テ,て,テ,て,助詞-接続助詞,,,和,割書き,,419
50-虎寛1792_05005,16600,16610,I,、,,、,,、,補助記号-読点,,,記号,割書き,,419
50-虎寛1792_05005,16610,16620,B,扠,サテ,扠,サテ,扠,接続詞,,,和,会話,シテ,419
50-虎寛1792_05005,16620,16630,I,も,モ,も,モ,も,助詞-係助詞,,,和,会話,シテ,419
50-虎寛1792_05005,16630,16650,I,〳〵,,〳〵,,〳〵,補助記号-一般,,,記号,会話,シテ,419
50-虎寛1792_05005,16650,16690,I,愛らしい,アイラシイ,愛らしい,アイラシー,愛らしい,形容詞-一般,形容詞,連体形-一般,混,会話,シテ,419
50-虎寛1792_05005,16690,16700,I,事,コト,事,コト,事,名詞-普通名詞-一般,,,和,会話,シテ,419
50-虎寛1792_05005,16700,16720,I,じや,ジャ,じゃ,ジャ,じや,助動詞,助動詞-ジャ,終止形-一般,和,会話,シテ,419
50-虎寛1792_05005,16720,16730,I,。,,。,,。,補助記号-句点,,,記号,会話,シテ,419
50-虎寛1792_05005,16730,16760,B,申〳〵,モシモシ,もしもし,モーシモーシ,申〳〵,感動詞-一般,,,和,会話,女,419
50-虎寛1792_05005,16760,16770,I,、,,、,,、,補助記号-読点,,,記号,会話,女,419
50-虎寛1792_05005,16770,16820,I,身ごしらへ,ミゴシラエ,身拵え,ミゴシラエ,身ごしらへ,名詞-普通名詞-一般,,,和,会話,女,419
50-虎寛1792_05005,16820,16830,I,も,モ,も,モ,も,助詞-係助詞,,,和,会話,女,419
50-虎寛1792_05005,16830,16840,I,能,ヨク,良く,ヨク,能,副詞,,,和,会話,女,419
50-虎寛1792_05005,16840,16870,I,御座る,ゴザル,御座る,ゴザル,御座る,動詞-非自立可能,文語四段-ラ行,終止形-一般,混,会話,女,419
50-虎寛1792_05005,16870,16880,I,。,,。,,。,補助記号-句点,,,記号,会話,女,419
50-虎寛1792_05005,16880,16890,B,何,ナニ,何,ナニ,何,代名詞,,,和,会話,シテ,419
50-虎寛1792_05005,16890,16900,I,と,ト,と,ト,と,助詞-格助詞,,,和,会話,シテ,419
50-虎寛1792_05005,16900,16920,I,能う,ヨイ,良い,ヨー,能う,形容詞-非自立可能,形容詞,連用形-ウ音便,和,会話,シテ,419
50-虎寛1792_05005,16920,16960,I,おりやる,オリャル,おりゃる,オリャル,おりやる,動詞-一般,文語四段-ラ行,連体形-一般,和,会話,シテ,419
50-虎寛1792_05005,16960,16970,I,か,カ,か,カ,か,助詞-終助詞,,,和,会話,シテ,419
50-虎寛1792_05005,16970,16980,I,。,,。,,。,補助記号-句点,,,記号,会話,シテ,419
50-虎寛1792_05005,16980,17010,B,中〳〵,ナカナカ,中々,ナカナカ,中〳〵,副詞,,,和,会話,女,419
50-虎寛1792_05005,17010,17020,I,。,,。,,。,補助記号-句点,,,記号,会話,女,419
50-虎寛1792_05005,17020,17030,B,扠,サテ,扠,サテ,扠,接続詞,,,和,会話,シテ,419
50-虎寛1792_05005,17030,17040,I,是,コレ,此れ,コレ,是,代名詞,,,和,会話,シテ,419
50-虎寛1792_05005,17040,17060,I,から,カラ,から,カラ,から,助詞-格助詞,,,和,会話,シテ,419
50-虎寛1792_05005,17060,17080,I,すぐ,スグ,直ぐ,スグ,すぐ,副詞,,,和,会話,シテ,419
50-虎寛1792_05005,17080,17090,I,に,ニ,に,ニ,に,助詞-格助詞,,,和,会話,シテ,419
50-虎寛1792_05005,17090,17110,I,蓬莱,ホウライ,蓬莱,ホーライ,蓬莱,名詞-普通名詞-一般,,,漢,会話,シテ,419
50-虎寛1792_05005,17110,17120,I,の,ノ,の,ノ,の,助詞-格助詞,,,和,会話,シテ,419
50-虎寛1792_05005,17120,17130,I,島,シマ,島,シマ,島,名詞-普通名詞-一般,,,和,会話,シテ,419
50-虎寛1792_05005,17130,17140,I,へ,ヘ,へ,エ,へ,助詞-格助詞,,,和,会話,シテ,419
50-虎寛1792_05005,17140,17160,I,つれ,ツレル,連れる,ツレ,つれ,動詞-一般,文語下二段-ラ行,連用形-一般,和,会話,シテ,419
50-虎寛1792_05005,17160,17170,I,て,テ,て,テ,て,助詞-接続助詞,,,和,会話,シテ,419
50-虎寛1792_05005,17170,17190,I,ゆか,イク,行く,ユカ,ゆか,動詞-非自立可能,文語四段-カ行,未然形-一般,和,会話,シテ,419
50-虎寛1792_05005,17190,17200,I,う,ウ,う,ウ,う,助動詞,無変化型,連体形-一般,和,会話,シテ,419
50-虎寛1792_05005,17200,17210,I,が,ガ,が,ガ,が,助詞-接続助詞,,,和,会話,シテ,419
50-虎寛1792_05005,17210,17220,I,、,,、,,、,補助記号-読点,,,記号,会話,シテ,419
50-虎寛1792_05005,17220,17260,I,かりそめ,カリソメ,仮初,カリソメ,かりそめ,名詞-普通名詞-形状詞可能,,,和,会話,シテ,419
50-虎寛1792_05005,17260,17290,I,ながら,ナガラ,ながら,ナガラ,ながら,助詞-接続助詞,,,和,会話,シテ,419
50-虎寛1792_05005,17290,17310,I,祝言,シュウゲン,祝言,シューゲン,祝言,名詞-普通名詞-一般,,,漢,会話,シテ,419
50-虎寛1792_05005,17310,17330,I,じや,ジャ,じゃ,ジャ,じや,助動詞,助動詞-ジャ,連体形-一般,和,会話,シテ,419
50-虎寛1792_05005,17330,17340,I,に,ニ,に,ニ,に,助詞-格助詞,,,和,会話,シテ,419
50-虎寛1792_05005,17340,17350,I,依,ヨル,因る,ヨッ,依,動詞-一般,文語四段-ラ行,連用形-促音便,和,会話,シテ,419
50-虎寛1792_05005,17350,17360,I,て,テ,て,テ,て,助詞-接続助詞,,,和,会話,シテ,419
50-虎寛1792_05005,17360,17370,I,、,,、,,、,補助記号-読点,,,記号,会話,シテ,419
50-虎寛1792_05005,17370,17380,I,迚,トテモ,迚も,トテモ,迚,副詞,,,和,会話,シテ,419
50-虎寛1792_05005,17380,17390,I,の,ノ,の,ノ,の,助詞-格助詞,,,和,会話,シテ,419
50-虎寛1792_05005,17390,17400,I,事,コト,事,コト,事,名詞-普通名詞-一般,,,和,会話,シテ,419
50-虎寛1792_05005,17400,17410,I,に,ニ,に,ニ,に,助詞-格助詞,,,和,会話,シテ,419
50-虎寛1792_05005,17410,17440,I,囃子物,ハヤシモノ,囃子物,ハヤシモノ,囃子物,名詞-普通名詞-一般,,,和,会話,シテ,419
50-虎寛1792_05005,17440,17450,I,で,ナリ,なり,デ,で,助動詞,文語助動詞-ナリ-断定,連用形-融合,和,会話,シテ,419
50-虎寛1792_05005,17450,17470,I,参ら,マイル,参る,マイラ,参ら,動詞-非自立可能,文語四段-ラ行,未然形-一般,和,会話,シテ,419
50-虎寛1792_05005,17470,17480,I,う,ウ,う,ウ,う,助動詞,無変化型,終止形-一般,和,会話,シテ,419
50-虎寛1792_05005,17480,17490,I,。,,。,,。,補助記号-句点,,,記号,会話,シテ,419
50-虎寛1792_05005,17490,17500,B,夫,ソレ,其れ,ソレ,夫,代名詞,,,和,会話,女,419
50-虎寛1792_05005,17500,17510,I,が,ガ,が,ガ,が,助詞-格助詞,,,和,会話,女,419
50-虎寛1792_05005,17510,17530,I,能う,ヨイ,良い,ヨー,能う,形容詞-非自立可能,形容詞,連用形-ウ音便,和,会話,女,419
50-虎寛1792_05005,17530,17560,I,御座ら,ゴザル,御座る,ゴザラ,御座ら,動詞-非自立可能,文語四段-ラ行,未然形-一般,混,会話,女,419
50-虎寛1792_05005,17560,17570,I,う,ウ,う,ウ,う,助動詞,無変化型,終止形-一般,和,会話,女,419
50-虎寛1792_05005,17570,17580,I,。,,。,,。,補助記号-句点,,,記号,会話,女,419
50-虎寛1792_05005,17580,17590,B,子,コ,子,コ,子,名詞-普通名詞-一般,,,和,割書き,,419
50-虎寛1792_05005,17590,17600,I,を,ヲ,を,オ,を,助詞-格助詞,,,和,割書き,,419
50-虎寛1792_05005,17600,17610,I,肩,カタ,肩,カタ,肩,名詞-普通名詞-一般,,,和,割書き,,419
50-虎寛1792_05005,17610,17620,I,へ,ヘ,へ,エ,へ,助詞-格助詞,,,和,割書き,,419
50-虎寛1792_05005,17620,17640,I,のせ,ノセル,乗せる,ノセ,のせ,動詞-一般,文語下二段-サ行,連用形-一般,和,割書き,,419
50-虎寛1792_05005,17640,17650,I,て,テ,て,テ,て,助詞-接続助詞,,,和,割書き,,419
50-虎寛1792_05005,17650,17660,I,、,,、,,、,補助記号-読点,,,記号,割書き,,419
50-虎寛1792_05005,17660,17670,B,鬼,オニ,鬼,オニ,鬼,名詞-普通名詞-一般,,,和,会話,シテ,419
50-虎寛1792_05005,17670,17680,I,の,ノ,の,ノ,の,助詞-格助詞,,,和,会話,シテ,419
50-虎寛1792_05005,17680,17700,I,継子,ママコ,継子,ママコ,継子,名詞-普通名詞-一般,,,和,会話,シテ,419
50-虎寛1792_05005,17700,17710,I,を,ヲ,を,オ,を,助詞-格助詞,,,和,会話,シテ,419
50-虎寛1792_05005,17710,17720,I,肩,カタ,肩,カタ,肩,名詞-普通名詞-一般,,,和,会話,シテ,419
50-虎寛1792_05005,17720,17730,I,に,ニ,に,ニ,に,助詞-格助詞,,,和,会話,シテ,419
50-虎寛1792_05005,17730,17750,I,のせ,ノセル,乗せる,ノセ,のせ,動詞-一般,文語下二段-サ行,連用形-一般,和,会話,シテ,419
50-虎寛1792_05005,17750,17760,I,て,テ,て,テ,て,助詞-接続助詞,,,和,会話,シテ,419
50-虎寛1792_05005,17760,17770,I,、,,、,,、,補助記号-読点,,,記号,会話,シテ,419
50-虎寛1792_05005,17770,17790,I,のせ,ノセル,乗せる,ノセ,のせ,動詞-一般,文語下二段-サ行,連用形-一般,和,会話,シテ,419
50-虎寛1792_05005,17790,17800,I,て,テ,て,テ,て,助詞-接続助詞,,,和,会話,シテ,419
50-虎寛1792_05005,17800,17820,I,〳〵,,〳〵,,〳〵,補助記号-一般,,,記号,会話,シテ,419
50-虎寛1792_05005,17820,17830,I,、,,、,,、,補助記号-読点,,,記号,会話,シテ,419
50-虎寛1792_05005,17830,17850,I,蓬莱,ホウライ,蓬莱,ホーライ,蓬莱,名詞-普通名詞-一般,,,漢,会話,シテ,419
50-虎寛1792_05005,17850,17860,I,の,ノ,の,ノ,の,助詞-格助詞,,,和,会話,シテ,419
50-虎寛1792_05005,17860,17870,I,島,シマ,島,シマ,島,名詞-普通名詞-一般,,,和,会話,シテ,419
50-虎寛1792_05005,17870,17880,I,へ,ヘ,へ,エ,へ,助詞-格助詞,,,和,会話,シテ,419
50-虎寛1792_05005,17880,17900,I,参ら,マイル,参る,マイラ,参ら,動詞-非自立可能,文語四段-ラ行,未然形-一般,和,会話,シテ,419
50-虎寛1792_05005,17900,17910,I,う,ウ,う,ウ,う,助動詞,無変化型,終止形-一般,和,会話,シテ,419
50-虎寛1792_05005,17910,17930,I,〳〵,,〳〵,,〳〵,補助記号-一般,,,記号,会話,シテ,419
50-虎寛1792_05005,17930,17940,I,。,,。,,。,補助記号-句点,,,記号,会話,シテ,419
50-虎寛1792_05005,17940,17960,B,二三,ニサン,二三,ニサン,二三,名詞-数詞,,,漢,割書き,,419
50-虎寛1792_05005,17960,17980,I,べん,ヘン,片,ベン,べん,接尾辞-名詞的-一般,,,漢,割書き,,419
50-虎寛1792_05005,17980,17990,I,も,モ,も,モ,も,助詞-係助詞,,,和,割書き,,419
50-虎寛1792_05005,17990,18010,I,返し,カエス,返す,カエシ,返し,動詞-一般,文語四段-サ行,連用形-一般,和,割書き,,419
50-虎寛1792_05005,18010,18020,I,て,テ,て,テ,て,助詞-接続助詞,,,和,割書き,,419
50-虎寛1792_05005,18020,18040,I,せり,セリ,芹,セリ,せり,名詞-普通名詞-一般,,,和,割書き,,419
50-虎寛1792_05005,18040,18050,I,足,アシ,足,アシ,足,名詞-普通名詞-一般,,,和,割書き,,419
50-虎寛1792_05005,18050,18060,I,、,,、,,、,補助記号-読点,,,記号,割書き,,419
50-虎寛1792_05005,18060,18090,B,もはや,モハヤ,最早,モハヤ,もはや,副詞,,,和,会話,シテ,420
50-虎寛1792_05005,18090,18110,I,堪忍,カンニン,堪忍,カンニン,堪忍,名詞-普通名詞-サ変可能,,,漢,会話,シテ,420
50-虎寛1792_05005,18110,18130,I,成ら,ナル,成る,ナラ,成ら,動詞-非自立可能,文語四段-ラ行,未然形-一般,和,会話,シテ,420
50-虎寛1792_05005,18130,18140,I,ぬ,ズ,ず,ヌ,ぬ,助動詞,文語助動詞-ズ,連体形-一般,和,会話,シテ,420
50-虎寛1792_05005,18140,18150,I,。,,。,,。,補助記号-句点,,,記号,会話,シテ,420
50-虎寛1792_05005,18150,18180,B,あたま,アタマ,頭,アタマ,あたま,名詞-普通名詞-一般,,,和,会話,シテ,420
50-虎寛1792_05005,18180,18200,I,から,カラ,から,カラ,から,助詞-格助詞,,,和,会話,シテ,420
50-虎寛1792_05005,18200,18220,I,のう,ノウ,能,ノー,のう,名詞-普通名詞-一般,,,漢,会話,シテ,420
50-虎寛1792_05005,18220,18230,I,で,ナリ,なり,デ,で,助動詞,文語助動詞-ナリ-断定,連用形-融合,和,会話,シテ,420
50-虎寛1792_05005,18230,18260,I,しまは,シマウ,仕舞う,シマワ,しまは,動詞-非自立可能,文語四段-ハ行,未然形-一般,和,会話,シテ,420
50-虎寛1792_05005,18260,18270,I,う,ウ,う,ウ,う,助動詞,無変化型,終止形-一般,和,会話,シテ,420
50-虎寛1792_05005,18270,18280,I,。,,。,,。,補助記号-句点,,,記号,会話,シテ,420
50-虎寛1792_05005,18280,18300,B,ああ,アア,ああ,アー,アヽ,感動詞-一般,,,和,会話,女,420
50-虎寛1792_05005,18300,18320,I,悲し,カナシイ,悲しい,カナシ,悲し,形容詞-一般,形容詞,語幹-一般,和,会話,女,420
50-虎寛1792_05005,18320,18330,I,や,ヤ,や,ヤ,や,助詞-終助詞,,,和,会話,女,420
50-虎寛1792_05005,18330,18340,I,。,,。,,。,補助記号-句点,,,記号,会話,女,420
50-虎寛1792_05005,18340,18360,B,こち,コチ,此方,コチ,こち,代名詞,,,和,会話,女,420
50-虎寛1792_05005,18360,18370,I,へ,ヘ,へ,エ,へ,助詞-格助詞,,,和,会話,女,420
50-虎寛1792_05005,18370,18400,I,おこさ,オコス,遣す,オコサ,おこさ,動詞-一般,文語四段-サ行,未然形-一般,和,会話,女,420
50-虎寛1792_05005,18400,18420,I,しめ,シモ,しも,シメ,しめ,助動詞,文語助動詞-シモ,命令形,和,会話,女,420
50-虎寛1792_05005,18420,18430,I,。,,。,,。,補助記号-句点,,,記号,会話,女,420
50-虎寛1792_05005,18430,18450,B,なう,ノウ,のう,ノー,なう,感動詞-一般,,,和,会話,女,420
50-虎寛1792_05005,18450,18460,I,、,,、,,、,補助記号-読点,,,記号,会話,女,420
50-虎寛1792_05005,18460,18500,I,おそろし,オソロシイ,恐ろしい,オソロシ,おそろし,形容詞-一般,形容詞,語幹-一般,和,会話,女,420
50-虎寛1792_05005,18500,18510,I,や,ヤ,や,ヤ,や,助詞-終助詞,,,和,会話,女,420
50-虎寛1792_05005,18510,18530,I,〳〵,,〳〵,,〳〵,補助記号-一般,,,記号,会話,女,420
50-虎寛1792_05005,18530,18540,I,。,,。,,。,補助記号-句点,,,記号,会話,女,420
50-虎寛1792_05005,18540,18560,B,やい,ヤイ,やい,ヤイ,ヤイ,感動詞-一般,,,和,会話,シテ,420
50-虎寛1792_05005,18560,18590,I,たらさ,タラス,誑す,タラサ,たらさ,動詞-一般,文語四段-サ行,未然形-一般,和,会話,シテ,420
50-虎寛1792_05005,18590,18600,I,れ,レル,れる,レ,れ,助動詞,文語下二段-ラ行,連用形-一般,和,会話,シテ,420
50-虎寛1792_05005,18600,18610,I,た,タ,た,タ,た,助動詞,助動詞-タ,終止形-一般,和,会話,シテ,420
50-虎寛1792_05005,18610,18620,I,。,,。,,。,補助記号-句点,,,記号,会話,シテ,420
50-虎寛1792_05005,18620,18640,B,いで,イデ,いで,イデ,いで,感動詞-一般,,,和,会話,シテ,420
50-虎寛1792_05005,18640,18660,I,喰は,クウ,食う,クワ,喰は,動詞-一般,文語四段-ハ行,未然形-一般,和,会話,シテ,420
50-虎寛1792_05005,18660,18670,I,う,ウ,う,ウ,う,助動詞,無変化型,終止形-一般,和,会話,シテ,420
50-虎寛1792_05005,18670,18680,I,。,,。,,。,補助記号-句点,,,記号,会話,シテ,420
50-虎寛1792_05005,18680,18700,B,いで,イデ,いで,イデ,いで,感動詞-一般,,,和,会話,シテ,420
50-虎寛1792_05005,18700,18720,I,喰は,クウ,食う,クワ,喰は,動詞-一般,文語四段-ハ行,未然形-一般,和,会話,シテ,420
50-虎寛1792_05005,18720,18730,I,う,ウ,う,ウ,う,助動詞,無変化型,終止形-一般,和,会話,シテ,420
50-虎寛1792_05005,18730,18750,I,〳〵,,〳〵,,〳〵,補助記号-一般,,,記号,会話,シテ,420
50-虎寛1792_05005,18750,18770,I,〳〵,,〳〵,,〳〵,補助記号-一般,,,記号,会話,シテ,420
50-虎寛1792_05005,18770,18780,I,。,,。,,。,補助記号-句点,,,記号,会話,シテ,420
50-虎寛1792_05005,18780,18790,B,と,ト,と,ト,と,助詞-格助詞,,,和,割書き,,420
50-虎寛1792_05005,18790,18800,I,云,イウ,言う,イウ,云,動詞-一般,文語四段-ハ行,連用形-ウ音便,和,割書き,,420
50-虎寛1792_05005,18800,18810,I,て,テ,て,テ,て,助詞-接続助詞,,,和,割書き,,420
50-虎寛1792_05005,18810,18830,I,追込,オイコム,追い込む,オイコム,追込,動詞-一般,文語四段-マ行,終止形-一般,和,割書き,,420
50-虎寛1792_05005,18830,18840,I,。,,。,,。,補助記号-句点,,,記号,割書き,,420
50-虎寛1792_05005,18840,18860,B,シテ,シテ,仕手,シテ,シテ,名詞-普通名詞-一般,,,和,,,420
50-虎寛1792_05005,18860,18870,I,一,ヒトツ,一つ,ヒトツ,一,名詞-数詞,,,和,,,420
50-虎寛1792_05005,18870,18880,I,　,,　,,　,空白,,,記号,,,420
50-虎寛1792_05005,18880,18900,I,節分,セツブン,節分,セツブン,節分,名詞-普通名詞-一般,,,漢,,,420
50-虎寛1792_05005,18900,18910,I,の,ノ,の,ノ,の,助詞-格助詞,,,和,,,420
50-虎寛1792_05005,18910,18930,I,シテ,シテ,仕手,シテ,シテ,名詞-普通名詞-一般,,,和,,,420
50-虎寛1792_05005,18930,18950,I,同断,ドウダン,同断,ドーダン,同断,名詞-普通名詞-一般,,,漢,,,420
50-虎寛1792_05005,18950,18970,I,但し,タダシ,但し,タダシ,但し,接続詞,,,和,,,420
50-虎寛1792_05005,18970,18980,I,み,ミ,身,ミ,み,名詞-普通名詞-一般,,,和,,,420
50-虎寛1792_05005,18980,18990,I,の,ノ,の,ノ,の,助詞-格助詞,,,和,,,420
50-虎寛1792_05005,18990,19000,I,笠,カサ,傘,カサ,笠,名詞-普通名詞-一般,,,和,,,420
50-虎寛1792_05005,19000,19010,I,は,ハ,は,ワ,は,助詞-係助詞,,,和,,,420
50-虎寛1792_05005,19010,19030,I,入ら,イル,入る,イラ,入ら,動詞-一般,文語四段-ラ行,未然形-一般,和,,,420
50-虎寛1792_05005,19030,19040,I,ず,ズ,ず,ズ,ず,助動詞,文語助動詞-ズ,連用形-一般,和,,,420
50-虎寛1792_05005,19040,19050,I,女,オンナ,女,オンナ,女,名詞-普通名詞-一般,,,和,,,420
50-虎寛1792_05005,19050,19060,I,一,ヒトツ,一つ,ヒトツ,一,名詞-数詞,,,和,,,420
50-虎寛1792_05005,19060,19070,I,　,,　,,　,空白,,,記号,,,420
50-虎寛1792_05005,19070,19080,I,常,ツネ,常,ツネ,常,名詞-普通名詞-一般,,,和,,,420
50-虎寛1792_05005,19080,19090,I,之,ノ,の,ノ,之,助詞-格助詞,,,和,,,420
50-虎寛1792_05005,19090,19110,I,通り,トオリ,通り,トーリ,通り,名詞-普通名詞-助数詞可能,,,和,,,420
50-虎寛1792_05005,19110,19120,I,子,コ,子,コ,子,名詞-普通名詞-一般,,,和,,,420
50-虎寛1792_05005,19120,19130,I,を,ヲ,を,オ,を,助詞-格助詞,,,和,,,420
50-虎寛1792_05005,19130,19150,I,抱き,ダク,抱く,ダキ,抱き,動詞-一般,文語四段-カ行,連用形-一般,和,,,420
50-虎寛1792_05005,19150,19160,I,袋,フクロ,袋,フクロ,袋,名詞-普通名詞-助数詞可能,,,和,,,420
50-虎寛1792_05005,19160,19170,I,を,ヲ,を,オ,を,助詞-格助詞,,,和,,,420
50-虎寛1792_05005,19170,19200,I,ささげ,ササゲル,捧げる,ササゲ,さゝげ,動詞-一般,文語下二段-ガ行,連用形-一般,和,,,420
50-虎寛1792_05005,19200,19220,I,出る,イデル,出でる,イズル,出る,動詞-一般,文語下二段-ダ行,連体形-一般,和,,,420
50-虎寛1792_05005,19220,19230,I,一,ヒトツ,一つ,ヒトツ,一,名詞-数詞,,,和,,,420
50-虎寛1792_05005,19230,19240,I,　,,　,,　,空白,,,記号,,,420
50-虎寛1792_05005,19240,19260,I,作物,ツクリモノ,作り物,ツクリモノ,作物,名詞-普通名詞-一般,,,和,,,420
50-虎寛1792_05005,19260,19270,I,　,,　,,　,空白,,,記号,,,420
50-虎寛1792_05005,19270,19290,I,杖竹,ツエダケ,杖竹,ツエダケ,杖竹,名詞-普通名詞-一般,,,和,,,420
50-虎寛1792_05005,19290,19300,I,一,イチ,一,イッ,一,名詞-数詞,,,漢,,,420
50-虎寛1792_05005,19300,19310,I,本,ホン,本,ポン,本,接尾辞-名詞的-助数詞,,,漢,,,420
50-虎寛1792_05005,19310,19320,I,　,,　,,　,空白,,,記号,,,420
50-虎寛1792_05005,19320,19360,I,さらし布,サラシヌノ,晒し布,サラシヌノ,さらし布,名詞-普通名詞-一般,,,和,,,420
50-虎寛1792_05005,19360,19370,I,壱,イチ,一,イチ,壱,名詞-数詞,,,漢,,,420
50-虎寛1792_05005,19370,19380,I,丈,ジョウ,丈,ジョー,丈,名詞-普通名詞-助数詞可能,,,漢,,,420
50-虎寛1792_05005,19380,19390,I,五,ゴ,五,ゴ,五,名詞-数詞,,,漢,,,420
50-虎寛1792_05005,19390,19400,I,尺,シャク,尺,シャク,尺,名詞-普通名詞-助数詞可能,,,漢,,,420
50-虎寛1792_05005,19400,19410,I,　,,　,,　,空白,,,記号,,,420
50-虎寛1792_05005,19410,19430,I,子袋,コブクロ,子袋,コブクロ,子袋,名詞-普通名詞-一般,,,和,,,420
50-虎寛1792_05005,19430,19440,I,　,,　,,　,空白,,,記号,,,420
50-虎寛1792_05005,19440,19450,I,箔,ホウ,箔,ホー,箔,名詞-普通名詞-一般,,,漢,,,420
50-虎寛1792_05005,19450,19460,I,壱,イチ,一,イチ,壱,名詞-数詞,,,漢,,,420
50-虎寛1792_05005,19460,19470,I,つ,ツ,つ,ツ,つ,接尾辞-名詞的-助数詞,,,和,,,420
50-虎寛1792_05005,19470,19480,B,袋,フクロ,袋,フクロ,袋,名詞-普通名詞-助数詞可能,,,和,割書き,,420
50-虎寛1792_05005,19480,19490,I,の,ノ,の,ノ,の,助詞-格助詞,,,和,割書き,,420
50-虎寛1792_05005,19490,19500,I,内,ウチ,内,ウチ,内,名詞-普通名詞-副詞可能,,,和,割書き,,420
50-虎寛1792_05005,19500,19510,I,へ,ヘ,へ,エ,へ,助詞-格助詞,,,和,割書き,,420
50-虎寛1792_05005,19510,19530,I,入る,イル,入る,イル,入る,動詞-一般,文語四段-ラ行,終止形-一般,和,割書き,,420
